pred	true
2.33225679398	1
5.66970300674	6
3.88819885254	2
6.88684558868	6
5.72383832932	8
2.60606408119	5
-13.6733942032	6
7.10037946701	6
5.9815826416	8
-13.8677902222	2
5.17316627502	5
33.6906661987	8
7.10380649567	6
-13.4613142014	1
7.24146223068	6
33.9228897095	8
2.07318711281	2
7.22092199326	2
5.59066963196	6
3.65260219574	5
5.83876848221	2
3.48532772064	2
-14.236123085	5
4.12122678757	8
-13.7341928482	2
7.40561771393	6
2.49939584732	1
5.50780200958	6
6.98795032501	6
3.31425094604	5
5.3047990799	6
34.1661262512	8
4.14154958725	8
1.95082592964	5
34.2897224426	2
3.89906597137	1
-14.0984306335	2
3.6506061554	2
34.1449661255	8
34.0287246704	8
5.14725971222	5
34.421333313	8
34.0896530151	8
7.68383979797	8
7.41529560089	1
-13.5685958862	4
6.73723745346	6
1.86973690987	1
34.5715332031	8
2.34690690041	6
5.23699903488	7
3.61107730865	5
7.08711576462	7
3.77377939224	6
3.75722837448	1
2.51631093025	2
5.35978841782	1
6.85676383972	7
33.9680099487	8
7.28912067413	8
6.83790779114	7
4.18291568756	6
6.93084764481	8
34.3227500916	8
5.40644741058	6
34.2889938354	8
7.65011405945	8
3.5429019928	2
5.6286945343	8
33.8365249634	8
4.09342050552	2
7.10203409195	7
5.5049200058	7
34.1713600159	7
34.1251411438	7
2.41136145592	7
4.04221487045	6
34.3396606445	8
3.6589884758	8
34.0700683594	8
5.71971845627	6
7.57421970367	7
2.35339307785	2
2.14124774933	5
5.46303510666	6
2.74855709076	6
5.0859413147	7
7.60983514786	6
5.61140966415	6
6.80196905136	8
5.32045269012	6
34.1033554077	8
34.1382255554	8
7.6350646019	6
6.98128557205	6
5.11862659454	7
3.52336597443	6
7.07608890533	8
-14.3699569702	2
-13.7188940048	2
33.7918930054	8
3.41512918472	6
-13.634894371	6
33.6975784302	8
3.79247903824	6
2.09298610687	4
3.68994522095	6
3.9475402832	5
3.75395727158	1
7.0902299881	1
7.59921503067	7
7.57396173477	6
5.4502530098	8
6.88667058945	6
7.67878770828	6
5.89074230194	7
34.0775375366	8
7.53772211075	8
5.57862281799	5
5.86115503311	8
5.42978954315	6
33.9659156799	8
2.70666384697	1
3.49200963974	5
2.4021935463	3
-13.7834529877	2
2.77518987656	5
7.01918745041	6
33.7165870667	7
7.09096240997	8
3.71501255035	5
3.94984865189	3
7.26881837845	8
5.71045684814	6
-13.9970645905	1
33.7133483887	8
7.14514684677	7
34.0233459473	8
34.1371841431	1
7.25967597961	6
-13.4294195175	2
7.26448392868	6
3.3145904541	8
3.91842794418	5
7.63897752762	2
33.641746521	8
34.1714057922	8
33.9972991943	8
5.87523317337	7
7.28971624374	7
3.82797145844	6
33.9156417847	7
6.92443799973	7
33.8964996338	8
4.0103559494	5
7.36385536194	7
3.90377378464	2
5.76309156418	7
3.59971427917	1
5.9273686409	7
7.69425344467	6
34.2250442505	8
5.92401266098	5
7.6960682869	8
5.93608665466	2
5.42503547668	7
7.45672035217	6
6.90714216232	8
5.9806842804	8
5.10034179688	5
5.06402254105	1
7.67719125748	8
34.0016784668	8
33.659992218	6
3.8363070488	1
5.69824504852	5
5.48797607422	7
6.9672870636	6
34.0691604614	8
5.52402973175	1
7.18613290787	6
7.32520723343	5
7.37785339355	2
3.31147193909	8
3.50072002411	5
2.60766768456	5
3.27783203125	6
7.47754907608	8
7.15567827225	6
5.08894491196	1
7.38120985031	8
34.0592727661	8
5.57772064209	2
5.29020500183	6
7.4114689827	6
33.8956794739	8
7.59781360626	2
7.62545633316	8
5.24864149094	8
7.40853071213	2
5.40389204025	8
6.99629878998	6
-13.4929218292	5
-13.6890163422	2
7.07257604599	8
5.36410665512	6
34.0860595703	8
5.7469420433	8
5.41831159592	2
3.52484560013	6
-13.5225887299	2
-13.510597229	1
8.01617527008	8
7.25338602066	8
2.78760838509	1
7.23525905609	6
7.25831079483	8
3.8675866127	6
7.66920566559	7
7.35905265808	8
34.5819702148	8
7.17999744415	1
3.37651872635	2
6.76085281372	6
7.07974910736	8
7.58416938782	8
5.81888151169	8
7.27395439148	8
7.46111249924	8
7.18827581406	7
5.59587860107	6
7.58522129059	7
7.52879858017	8
5.84738349915	1
-14.1552448273	2
3.79022169113	6
3.69405937195	6
34.0222053528	8
5.99953794479	6
7.25720787048	6
34.3126029968	8
34.2735214233	8
7.48408794403	8
6.98232841492	6
33.880821228	8
5.41498804092	7
7.33217334747	7
6.81377840042	8
3.43352508545	2
33.8073196411	8
3.94877767563	3
3.73358631134	5
7.09356737137	6
5.1329703331	2
5.77456855774	6
3.33931255341	1
5.83149909973	8
3.56368637085	6
7.27801895142	2
5.91237926483	6
34.1872596741	7
33.9049835205	8
-41.0871391296	2
-41.6562614441	1
6.71395778656	1
-13.7337827682	3
3.52382850647	5
7.60165977478	8
34.1409225464	7
3.40144634247	6
7.42644929886	8
7.30500602722	1
7.07551813126	7
33.8556747437	8
5.60563421249	6
6.7173037529	8
3.61375045776	1
4.19486522675	1
-41.928237915	1
7.1846575737	8
7.43139982224	8
6.95823383331	8
-13.9166431427	1
3.72140884399	2
5.19459533691	6
5.07794809341	6
3.62077331543	6
3.41677188873	1
3.79061222076	6
2.6068842411	4
34.2189407349	8
3.89436578751	1
5.4471821785	7
5.08050632477	1
5.90619516373	2
6.83017063141	6
33.9812316895	8
3.57850933075	5
5.56653356552	6
34.3356437683	8
33.7953414917	8
7.64707708359	8
-41.2979354858	1
5.02407312393	5
3.68720579147	5
33.8234367371	4
5.12928819656	6
2.72833919525	6
34.3049430847	8
2.38947224617	1
3.53846740723	6
34.0997123718	8
4.08746099472	8
6.9648308754	8
-41.8501472473	1
5.79825353622	7
7.38205575943	8
34.2190856934	8
3.41550588608	7
7.55442667007	6
-13.7158994675	5
4.12103176117	1
5.82177591324	1
5.59126281738	6
5.41728639603	8
6.72421360016	5
3.70296812057	5
8.03884506226	8
2.40297603607	2
33.97996521	8
3.58400535583	5
4.09848356247	8
2.24040365219	2
5.15528869629	6
34.4069709778	8
33.7595214844	8
34.4638671875	8
7.01224851608	8
3.78463315964	1
34.3430175781	8
5.39293575287	2
2.12263131142	5
2.35292768478	3
3.78645992279	7
7.47161388397	6
7.26085662842	8
4.02942323685	5
5.75619316101	6
-14.016456604	1
33.8913726807	7
33.9749259949	8
34.3546600342	8
7.01946115494	6
5.37080621719	8
1.880382061	1
7.27242565155	7
2.71226119995	3
5.00653409958	6
7.64093112946	8
7.30655527115	8
7.06630325317	2
34.3835716248	8
33.6215400696	1
-14.1456766129	2
33.9166145325	8
34.0144615173	8
2.74104785919	5
7.19416618347	7
7.67999410629	8
3.7331662178	6
5.87683343887	6
-41.2997894287	2
2.06393909454	2
6.75340986252	7
7.49692964554	8
5.2015376091	5
3.49275684357	1
34.2001533508	8
34.2337722778	8
1.92779684067	2
3.92585134506	2
2.03349900246	6
7.00022983551	5
7.2708864212	8
4.2065486908	1
3.49867677689	7
5.35303401947	8
5.77043199539	2
3.97651529312	6
4.09850788116	6
5.05753135681	6
5.88469648361	5
2.62435650826	5
3.52162265778	7
4.11708641052	5
6.70197105408	6
7.13568353653	6
7.53635215759	7
7.4380273819	8
-41.2240715027	1
34.2377738953	8
3.71386623383	5
33.8107376099	8
5.27774524689	6
3.67898273468	6
5.51863956451	7
4.10292959213	5
-14.21641922	1
6.88212776184	8
33.7574996948	8
-13.6250238419	2
34.3079032898	8
5.6355805397	6
5.98279237747	6
7.60282945633	7
7.09637975693	8
7.60788106918	8
33.633014679	8
7.5669260025	2
3.49223899841	1
6.7743434906	6
6.9847111702	8
1.97304773331	2
33.8344993591	8
7.26939249039	8
34.4483566284	8
5.00959587097	5
5.13278388977	1
33.8182907104	2
7.15572023392	8
7.49092102051	8
7.33994054794	8
7.60084915161	8
-13.7122478485	3
34.1438903809	7
2.24762511253	5
34.0455474854	8
5.70891809464	6
33.6529541016	8
3.95755052567	6
2.0005607605	2
2.36028981209	4
3.71856880188	7
6.93768405914	7
1.83086872101	2
5.13811588287	5
33.7350692749	8
33.9375305176	8
5.23235464096	7
5.67874860764	6
2.16576218605	6
5.52337265015	6
3.3536195755	5
3.8853635788	1
7.6805896759	8
34.3050765991	8
2.25597667694	1
5.50395584106	6
2.27810573578	2
34.0906524658	8
3.25076961517	2
3.64993858337	2
33.9005889893	8
2.36203527451	2
6.77239179611	6
2.15615701675	1
34.2000389099	6
5.63809633255	7
3.89364051819	2
5.34845066071	7
3.51614904404	6
1.94644761086	2
34.0203666687	6
33.7342453003	4
5.79524374008	6
4.05366373062	5
7.34339570999	7
5.18117046356	6
34.0737457275	8
33.7653427124	8
7.05750226974	2
2.42111468315	1
34.4287490845	8
2.62358784676	3
5.47794342041	7
33.7841072083	2
2.1207909584	2
3.61941719055	6
33.7469940186	8
8.02137374878	8
-13.5078735352	6
6.81252479553	6
6.76232147217	8
33.9654502869	8
7.49903345108	8
2.30186796188	3
5.16664123535	6
5.7034702301	6
5.56511116028	6
33.7876472473	8
6.83179187775	7
2.57906103134	6
33.8465766907	8
7.67497253418	6
33.9516334534	6
8.1143913269	8
5.33275222778	7
5.20567178726	6
33.8202629089	8
1.99644398689	7
7.10318803787	8
-41.3603744507	2
5.55235338211	7
-41.4100036621	1
6.85608148575	5
34.0370674133	6
34.3031005859	7
5.91379022598	5
33.952293396	8
7.17791652679	8
5.94296884537	7
-14.0643186569	4
34.3116950989	8
5.91020107269	1
5.56011915207	6
34.2066192627	7
-41.2074165344	2
5.98578739166	6
5.42764854431	7
7.57640790939	8
7.11146020889	8
34.129447937	6
5.94545316696	6
3.30177640915	5
33.6966133118	1
5.59643030167	2
34.021812439	8
7.09605979919	6
33.8107643127	2
34.0516319275	8
4.13842439651	2
34.1286239624	8
3.89506387711	1
7.42622661591	8
33.973526001	8
7.49736452103	8
6.76314020157	6
5.61371994019	2
7.35685920715	8
2.43422365189	1
4.21427440643	7
2.74569582939	5
34.4382286072	7
3.45576477051	2
5.04178619385	6
3.98367643356	5
7.25169992447	8
6.70880079269	8
33.9369659424	8
5.84870290756	7
7.18883037567	8
33.6640625	7
7.21092557907	2
2.20945930481	1
34.1399307251	6
33.6694488525	7
5.35777902603	4
34.0606384277	8
7.69017267227	8
34.4882774353	8
2.63213825226	4
4.14116191864	6
3.76850986481	1
33.8823394775	7
34.0990486145	8
5.60409975052	6
4.06804227829	8
2.40574169159	1
33.8602256775	8
34.0292205811	8
-41.7616767883	1
6.82239437103	6
2.04585266113	5
3.39297103882	5
3.88247680664	6
7.23235797882	7
3.92069864273	7
2.17896103859	2
5.44159460068	6
2.43465971947	1
6.90970563889	2
34.3394393921	8
7.27696371078	8
34.0319747925	8
7.25641822815	6
2.30155110359	5
6.98379898071	6
2.65935993195	6
34.095867157	7
33.9445724487	8
7.22902202606	8
33.9516525269	7
-13.4083414078	1
5.09855556488	6
2.39978289604	1
6.94733095169	5
7.05393648148	8
33.6883125305	6
2.06044340134	5
34.2831497192	8
5.69709777832	7
34.0345191956	6
5.7848777771	7
7.26680374146	7
33.9108657837	7
34.0770530701	8
34.3815116882	8
1.87664961815	5
2.35339665413	5
-13.7917604446	1
5.19370937347	6
5.65853977203	7
34.2276725769	8
7.67385005951	8
-13.9181003571	2
34.2400970459	8
5.99565982819	7
6.95642089844	8
5.82313632965	6
2.2600414753	4
-14.3767518997	1
3.68949985504	6
6.70564699173	7
5.3053984642	6
4.21403408051	5
2.11467313766	1
33.9866104126	8
6.97777938843	7
-13.4485359192	5
5.85214328766	7
7.24173259735	7
-14.2366676331	2
-13.9572601318	5
4.1995511055	7
5.99117803574	8
33.9836387634	8
-13.4503221512	3
34.4660949707	8
7.27822637558	1
7.51295852661	6
5.10471391678	6
5.63753318787	6
7.11177778244	7
-13.8583393097	4
1.93391537666	5
7.50102233887	7
3.72588253021	5
5.18367099762	6
4.06322097778	1
7.0378818512	7
34.2228126526	8
34.4396362305	8
33.6993026733	8
7.44838523865	8
33.7774925232	8
7.09825086594	8
6.84583234787	6
7.64367103577	8
2.00381231308	2
3.32261705399	1
3.40815734863	2
7.1625752449	6
33.8180046082	8
7.0600066185	8
5.21260404587	5
-13.6100282669	2
34.1878509521	8
5.46553277969	6
33.6890144348	8
-14.0777359009	3
7.6445775032	8
33.6373062134	8
3.9855928421	2
6.88843679428	7
34.4350357056	8
33.7647018433	8
34.3596000671	8
5.7477645874	6
33.6832923889	8
7.50028038025	6
7.1124253273	6
4.20025110245	6
3.83747386932	2
33.63331604	8
7.32962799072	1
5.99397516251	6
-41.1483573914	2
5.13585519791	8
33.7791442871	8
2.69220852852	1
34.0246086121	8
7.52402067184	8
34.0264968872	8
4.23034858704	6
7.26879167557	5
34.0465393066	8
34.1973457336	8
6.87976837158	8
2.70188760757	5
2.45594096184	5
34.1214561462	8
33.6812515259	6
5.51919317245	7
-41.2912750244	1
3.9560918808	7
33.6269683838	8
7.16108417511	7
7.58399438858	1
34.3623085022	8
7.06608200073	8
34.2400283813	8
3.69318151474	7
4.04242515564	6
5.61074924469	2
7.28732538223	1
-41.9913063049	2
-13.6259365082	2
3.68774986267	5
3.52448940277	8
-0.626760721207	1
34.0356254578	8
2.16609978676	2
7.17383003235	6
6.72781324387	8
7.38533306122	8
3.94002151489	2
34.0546112061	8
3.89933824539	6
5.75729417801	7
34.2664527893	8
33.8733291626	8
3.8551568985	7
34.2100219727	8
33.8884658813	8
-14.2065258026	1
-13.4487113953	5
34.3525810242	8
8.03474521637	8
7.2727022171	1
3.72451019287	1
4.08607339859	6
34.1502456665	8
7.2710647583	8
2.39051890373	2
-14.1479034424	2
2.30508089066	2
2.76635503769	5
7.5145907402	8
5.95975971222	7
2.75975871086	2
34.1956520081	8
34.3339118958	8
34.3184051514	8
5.44601249695	6
3.42722892761	1
7.43177652359	8
5.24206066132	5
5.28609991074	7
-13.4402303696	4
7.11834144592	8
2.69932103157	5
34.3311080933	8
3.57327795029	1
6.84553575516	8
34.1297912598	8
33.8515777588	1
5.03124666214	5
7.10245990753	8
3.91051244736	6
34.1654129028	6
3.32135057449	1
2.6429400444	6
7.21702194214	7
-13.7410850525	2
34.1773109436	8
3.70167636871	6
33.9505081177	8
7.47440767288	7
33.80128479	7
34.5064849854	8
3.67928218842	6
-41.4706230164	2
5.67223978043	1
5.57010173798	6
-41.3633346558	1
6.96225309372	7
5.71434164047	1
34.0771026611	7
7.59362268448	7
5.83025932312	8
5.48983573914	6
33.6214065552	2
6.74181413651	8
34.1186180115	7
34.4234542847	8
7.28267383575	6
5.46422529221	6
34.1989326477	8
-14.3258905411	5
5.47652101517	7
5.68045902252	1
5.5017080307	6
33.7596244812	8
2.73256516457	5
7.21957731247	8
34.2375068665	8
34.0570678711	8
5.65180683136	8
33.7151184082	8
3.30438280106	5
33.7640037537	8
34.1624450684	8
5.49304676056	5
7.54231119156	8
2.58813357353	6
7.09769964218	8
33.8856315613	6
7.07686758041	8
5.56345510483	7
4.19838285446	8
5.4547328949	5
6.98313856125	8
7.06300830841	6
-13.8112382889	2
6.83501625061	8
3.46173810959	1
5.34294366837	6
5.75636529922	2
33.883102417	8
5.55038309097	6
3.60025787354	2
5.67478990555	5
7.15283155441	8
-13.7179489136	4
33.6727256775	8
7.44282484055	8
33.9276123047	6
6.77711200714	7
33.6252784729	8
5.03834295273	6
33.8145065308	1
5.12302970886	6
3.6647143364	2
5.64812135696	8
7.63918209076	8
5.91327190399	6
33.9573860168	8
33.8635253906	1
3.60934829712	1
33.8641471863	8
5.25623321533	7
33.717590332	8
7.60529232025	7
33.9458656311	8
2.42905545235	2
33.6531028748	8
6.83384752274	8
2.47522044182	4
7.03957080841	8
7.10562229156	8
5.2460808754	6
34.2710037231	8
1.88403367996	1
2.00580096245	4
34.3867797852	8
7.01046514511	8
5.67374753952	2
33.9062042236	6
-13.9701852798	7
34.3260231018	8
3.86665058136	6
7.52168798447	8
5.56304788589	6
7.4632358551	8
4.12384939194	2
34.2933959961	8
2.66689395905	1
33.8907737732	8
4.01472187042	6
7.6597571373	8
33.7885093689	8
34.2493095398	8
7.04487466812	6
5.52337741852	6
-41.6311416626	2
-13.7207612991	2
5.72482585907	1
34.2821235657	8
5.84451770782	2
6.86458778381	8
7.59790897369	8
5.60899543762	6
3.95959424973	6
7.51701784134	7
33.906703949	8
5.56657743454	8
33.7904090881	8
3.60560512543	5
3.7570734024	2
6.76572704315	8
33.6786499023	8
33.9198112488	8
34.1753501892	8
8.0021648407	8
-14.3421077728	2
33.7274055481	8
5.10178232193	1
3.50898456573	5
6.81125259399	8
2.11184859276	5
5.35578632355	7
2.10117435455	7
5.15665197372	8
7.64699649811	2
34.2843513489	8
-14.0603408813	1
34.3123016357	8
3.81902265549	1
5.24212646484	6
7.17334604263	8
34.411819458	8
34.3495140076	8
6.72386837006	7
7.46223163605	7
3.89181804657	6
34.4780654907	8
-13.9988012314	2
34.3765525818	8
5.79286336899	1
5.56493425369	2
-41.8303451538	1
5.26641559601	5
5.18132829666	7
5.1843047142	5
6.91394329071	7
7.17671775818	6
5.64110326767	7
4.18896770477	7
7.51454019547	6
5.51968717575	6
34.2975883484	8
3.64697360992	2
7.46862077713	8
33.6464614868	6
33.6290855408	8
-41.2612571716	1
3.83195352554	5
3.24214506149	5
5.92320680618	6
-13.9510765076	1
7.07072925568	7
5.97580337524	6
7.68679618835	8
7.57593107224	8
-13.8795900345	2
6.87618303299	6
5.29339551926	5
5.25554037094	7
7.16835355759	7
3.91882801056	7
6.98334789276	7
3.9414730072	5
34.0658760071	8
6.73122119904	7
34.2783813477	8
4.06045198441	5
33.6442565918	6
5.29376459122	7
34.1936531067	8
34.413028717	8
-13.9622612	2
-1.23915851116	1
33.7200508118	8
2.05550169945	2
4.04104661942	8
5.50735807419	6
7.13034725189	6
33.9027709961	8
34.2429695129	8
34.3900375366	8
5.61495923996	6
1.85066223145	1
33.6277580261	7
2.74695134163	6
7.57402944565	2
5.51118040085	1
4.1918554306	2
5.03674602509	2
5.31875753403	2
33.9285926819	7
-41.4216156006	1
34.2081336975	8
7.33964443207	8
6.93210935593	6
34.3915634155	8
7.57932472229	8
3.94895076752	1
34.1940002441	8
3.5500535965	5
5.98972225189	6
5.77301025391	6
2.21812391281	7
7.58575057983	8
5.68700790405	1
4.01024580002	5
7.01086235046	7
7.58571720123	8
2.53826212883	2
4.13516187668	6
33.6851730347	8
-13.587348938	3
4.08351230621	6
2.75919628143	6
5.25263023376	6
33.6319198608	8
7.06279945374	7
2.3358001709	6
33.8854484558	8
3.43636274338	5
5.01492071152	6
34.428981781	8
-41.4171714783	2
6.87489557266	6
7.42624235153	7
7.04381799698	8
5.50125646591	6
7.06402111053	8
7.23448705673	8
34.4554634094	8
5.49319028854	1
2.46574902534	2
5.56191539764	7
34.1963806152	8
34.0070915222	7
34.0910415649	8
6.93187522888	6
5.57873058319	6
6.90911912918	8
6.97343969345	6
2.6418428421	2
7.64077949524	7
34.5804290771	1
5.5398068428	6
-14.3229837418	4
7.24381351471	8
2.67539906502	2
7.29031467438	5
5.4865655899	7
7.50776195526	6
-13.5690279007	1
-13.4565219879	2
3.98187589645	6
6.9393453598	2
33.7883758545	8
5.41579008102	6
7.61583662033	8
34.6136474609	8
34.2244415283	8
6.79989242554	7
33.7801933289	6
34.0544929504	8
33.9834060669	8
5.68503284454	6
7.19176959991	1
7.31560897827	8
5.53811693192	7
2.5879535675	1
3.83663463593	5
7.68343305588	6
-14.0841960907	2
6.78064584732	2
5.08740663528	7
-13.7024307251	1
33.7503509521	5
7.22909402847	8
-41.5509109497	7
-14.2068881989	5
34.5447998047	8
5.50201559067	5
4.18212604523	6
-41.1079673767	2
7.21903848648	7
6.95438432693	8
34.1969947815	8
5.44753265381	7
6.97359085083	8
2.73595833778	6
-13.6893634796	2
7.33105564117	8
34.0461769104	7
2.59248423576	2
7.24326562881	8
34.0091934204	8
34.1479148865	8
5.68355417252	5
33.8800201416	7
3.94891691208	6
3.71494197845	5
5.56609869003	7
2.50844621658	6
33.8767471313	8
7.09175682068	7
7.65245389938	8
34.272857666	7
5.91855430603	7
34.1785621643	8
4.19270038605	6
33.661277771	8
5.4032626152	6
33.9272842407	7
4.10042667389	6
7.69512367249	8
7.48093986511	1
7.59291028976	6
4.07627820969	6
3.85512208939	7
3.39209938049	2
5.88837146759	6
33.9059295654	8
3.69587755203	5
6.87472772598	8
34.1749420166	6
7.29352903366	8
2.47737336159	2
5.58853626251	5
5.38839864731	8
3.37993383408	5
6.77800655365	6
-13.8454475403	1
33.9198455811	8
33.7712364197	8
5.82056903839	6
34.021194458	8
6.99339294434	8
5.64197826385	6
2.34632349014	6
33.9487876892	8
34.2531356812	8
5.22438287735	6
2.11202716827	4
7.03221797943	8
6.82711553574	6
6.7907538414	8
5.84206533432	6
33.8519821167	6
5.58498096466	7
34.0161895752	8
33.6403961182	8
-13.4550075531	1
-13.6381225586	2
33.9897537231	7
5.98663139343	1
34.0452842712	8
2.2432346344	4
7.60122060776	8
5.59893846512	6
3.94569444656	6
34.2571182251	8
2.10871458054	1
2.25308060646	6
33.7019042969	8
34.1783599854	8
7.08476400375	6
2.05616760254	3
7.54416656494	6
5.55057382584	8
34.0934753418	8
7.47602319717	8
34.2959365845	7
7.45754146576	6
7.50772428513	8
33.8490753174	8
7.16962194443	8
34.2935829163	8
33.8626594543	8
33.8567085266	8
34.4832077026	8
7.66395616531	8
34.0359840393	8
6.76104211807	7
33.6236915588	8
-13.7481250763	4
3.92151880264	2
5.41757059097	1
1.80086827278	6
5.43863487244	7
2.63420510292	2
1.86393928528	2
5.3152179718	7
6.78896141052	7
5.68426895142	1
7.31687307358	6
2.1849668026	6
34.2105522156	8
33.6268386841	6
7.06363916397	6
5.42146778107	1
33.9228057861	8
5.55539035797	7
33.8129806519	8
6.97325944901	8
2.45438790321	4
1.95740818977	6
33.8801841736	8
34.1463699341	8
2.59743833542	6
33.7233085632	7
5.94762277603	2
3.99558401108	6
7.2453751564	8
4.16656160355	5
7.43454647064	8
5.48321866989	6
34.179145813	8
3.51956748962	1
6.97878456116	6
5.45788431168	2
34.0979347229	6
34.2002792358	8
7.16698169708	8
33.7730026245	1
3.88436079025	6
6.73618125916	7
7.0750246048	6
34.1704673767	8
-41.1616592407	2
2.63533568382	5
7.32308530807	8
33.8153991699	8
7.59460067749	1
3.49952840805	1
33.7769622803	8
5.15944194794	5
4.01165866852	6
2.14558291435	8
4.04198169708	6
33.6333885193	8
34.1267471313	8
5.48678159714	5
7.53902769089	6
4.03310012817	1
5.08909511566	7
6.87923669815	7
7.19806623459	2
7.40531635284	8
5.60994005203	1
34.1270942688	8
2.54755687714	6
33.9101905823	8
5.81149530411	6
-14.2381725311	2
2.15613460541	6
6.74374723434	7
2.49566221237	6
7.23162984848	7
7.34658813477	8
5.77800369263	1
3.76317644119	5
5.79860782623	8
2.58493804932	5
-42.0221290588	1
7.00314426422	8
5.87588644028	7
33.9166870117	8
33.7522964478	8
34.2831687927	8
34.0530052185	8
2.60399675369	6
3.34469556808	5
-0.852082848549	1
34.1576423645	8
-41.1568222046	1
5.95294570923	7
34.1930503845	7
2.29659724236	4
5.00262737274	2
4.15155887604	1
5.16967773438	2
3.45043420792	2
3.93317365646	7
4.17200088501	5
3.75551891327	5
33.8306350708	8
3.82409620285	6
5.16582727432	1
6.74440383911	6
33.7206497192	7
5.19515228271	2
6.93922472	6
3.30611467361	4
7.65850877762	8
33.9708404541	8
5.50193738937	1
33.7057914734	8
3.50340175629	1
33.9540290833	8
7.38483190536	8
33.7680778503	8
3.85010147095	5
4.19599342346	7
6.74874782562	6
4.10894680023	6
-13.6812429428	5
3.89528608322	5
34.000617981	6
5.57412147522	6
4.12096738815	1
-41.2443237305	2
34.4958190918	8
7.5729060173	6
7.23255872726	1
7.19891786575	6
5.87430858612	5
8.02924060822	8
5.71823072433	6
7.47744321823	8
3.70388936996	6
5.46231985092	2
5.97701358795	7
33.8465499878	6
5.20405054092	6
6.78750610352	6
33.764667511	8
34.3680839539	8
3.84909009933	2
33.9714241028	7
7.41692209244	8
33.7792663574	8
-13.9334430695	3
7.46444225311	8
34.1549072266	8
34.2622451782	8
33.7212409973	8
3.8280415535	6
-13.7618598938	1
33.9184913635	8
5.79019451141	6
2.70390319824	5
33.9418640137	8
34.1046867371	8
2.0554485321	5
1.88163399696	3
2.56615209579	4
33.6870307922	7
33.8547401428	8
-13.6863632202	2
34.5214080811	8
34.5201034546	8
-13.8933334351	2
5.41096591949	1
7.48091650009	7
7.53314399719	8
33.9340553284	8
5.2815823555	6
5.75670194626	7
-13.62799263	2
3.99390792847	5
33.6419792175	6
5.56868886948	8
34.1249351501	8
7.17248392105	6
-13.8215408325	6
5.99636745453	6
7.21958446503	2
34.2436790466	7
33.6680908203	6
7.46985578537	8
5.89904975891	1
7.14094591141	6
5.38859987259	6
34.3318023682	8
34.2025909424	8
34.3940429688	8
33.927318573	8
7.315117836	2
7.47077417374	8
7.47063350677	8
-41.3790283203	2
33.631942749	6
7.62411546707	7
-41.474822998	1
5.48875141144	4
7.55058908463	8
5.64403104782	5
33.7681388855	8
3.38888168335	5
34.3023910522	8
6.96582365036	8
7.43445491791	6
33.880405426	8
2.07667636871	1
1.81683444977	1
-13.5900192261	6
5.81317806244	7
-13.414689064	4
34.0644264221	8
33.8564186096	6
-13.9734764099	2
7.65170764923	7
33.8000526428	1
3.74876356125	7
3.60212039948	8
3.93802165985	5
6.83795642853	6
33.895160675	8
2.35227036476	4
5.73581457138	6
2.44301962852	4
2.55523705482	4
-13.7805709839	2
33.8220176697	8
-41.1690559387	2
5.84883737564	8
7.32193279266	8
6.81248760223	8
33.7719726562	8
5.45531225204	1
34.3809700012	8
3.87438678741	7
2.35826158524	4
3.2848739624	5
6.79265451431	1
3.86873912811	2
3.91715860367	5
5.41958904266	6
34.3286628723	8
7.67546129227	8
33.7108955383	7
5.16152763367	1
2.40996909142	5
3.95564603806	6
7.58105182648	8
5.24525499344	7
7.15183258057	7
5.70614862442	7
34.1828804016	1
3.50845193863	5
7.23625516891	6
33.9744148254	8
4.04546451569	1
7.28744411469	6
5.68008852005	7
3.69463205338	5
4.02928638458	1
7.1470990181	5
34.4461174011	8
7.36066389084	7
3.91361236572	5
6.70871162415	6
3.69707536697	1
2.52312493324	1
33.6681060791	8
5.38323354721	3
5.92920017242	8
34.2477607727	8
4.01921606064	1
33.9647598267	8
3.48870754242	6
2.19174981117	4
7.1830906868	7
-14.1155643463	2
3.62827777863	6
34.1447906494	2
4.12851667404	5
34.4048538208	8
7.03347444534	8
7.04388809204	6
3.8442940712	5
4.05441904068	5
5.32793045044	2
34.1947135925	6
5.90813493729	2
4.17949581146	5
5.81800937653	7
5.00659179688	7
1.98692774773	3
7.36276721954	8
33.8831634521	8
33.9180374146	8
3.55893850327	1
2.49520301819	2
5.36154413223	7
5.7485909462	6
34.1547546387	8
3.45918750763	2
4.12428379059	6
7.3027305603	8
5.9191031456	4
5.39714002609	6
33.6491699219	8
33.658706665	8
3.65288639069	5
2.34066271782	5
5.11575603485	5
3.23966407776	6
5.36686754227	6
33.8101882935	8
33.9402618408	8
34.0516090393	6
2.32186055183	1
2.08959507942	2
6.75226068497	1
2.16471385956	4
3.79901313782	6
-13.5537900925	2
7.65500545502	1
1.97625470161	1
33.8210220337	8
-41.4750442505	1
34.1065254211	8
5.81563234329	1
7.5573182106	7
2.75184130669	1
3.56576061249	6
3.87877941132	5
5.79085922241	5
-13.9018478394	5
7.05390739441	8
33.7468948364	8
33.6628761292	8
34.0052223206	8
5.92887353897	2
5.51184892654	6
5.23480033875	6
33.8093528748	8
7.38494539261	3
5.46527481079	7
-13.6949539185	2
3.30453109741	5
3.4983086586	1
7.37090110779	8
5.76242113113	7
34.4267616272	8
34.4425621033	8
5.60484981537	6
4.22099637985	2
34.0163803101	7
5.95086097717	6
33.7779502869	8
34.3895492554	8
-41.393119812	3
6.70167827606	8
33.6829986572	8
3.78119707108	6
6.78888177872	6
-14.0727710724	1
-14.3814954758	1
5.36475276947	7
6.78777694702	6
7.67084503174	8
7.16649341583	2
-13.4611730576	2
5.90043401718	6
2.0960829258	2
7.19107103348	8
5.83106946945	7
7.18563890457	2
6.75060272217	1
7.66810798645	8
33.622341156	2
3.7391872406	6
3.38723087311	5
7.19042873383	8
7.5909910202	8
5.68920850754	1
5.65918493271	7
2.51560544968	4
5.77747774124	6
34.1067199707	8
33.6913948059	8
4.05816411972	5
3.78035211563	7
34.226108551	8
34.4453964233	8
7.66912508011	8
-13.9900770187	1
7.3231420517	6
4.04446983337	6
7.07572317123	2
-13.6776437759	1
5.60397577286	7
2.40626120567	1
33.667175293	8
-14.139169693	1
5.83918952942	8
7.60039901733	6
-41.3811264038	2
33.8788948059	8
6.80369234085	2
34.1168670654	8
2.60284090042	4
5.76240873337	7
5.05807161331	2
7.64947319031	7
34.2654266357	8
34.0943450928	8
3.25305366516	6
34.2372665405	8
5.64732789993	1
-14.3512516022	2
5.06747150421	7
3.55477046967	5
-13.9457874298	2
5.66750526428	2
5.8025097847	6
1.98655295372	1
6.92816066742	6
33.9529724121	8
5.20140552521	8
1.80462908745	4
33.720954895	8
33.9560089111	8
5.27710819244	7
34.0839920044	8
2.10367894173	5
1.79261064529	2
7.67244100571	2
2.38716864586	6
6.86703538895	7
34.2716903687	8
34.4251937866	8
33.9570541382	8
6.96983385086	6
33.9725418091	8
7.02794742584	7
5.71899080276	7
6.94145870209	7
-13.5031871796	2
34.405456543	6
33.680896759	8
-13.7700147629	1
33.6688575745	8
-41.5567626953	1
2.68185901642	6
2.02250051498	3
7.40466022491	8
5.46195411682	6
-13.636138916	4
7.49978590012	6
5.80576324463	6
7.06398105621	8
-13.8478431702	1
33.7928199768	7
6.92869997025	6
7.34216737747	1
7.53744220734	6
34.5344657898	8
34.1160049438	4
33.6968421936	8
33.7670898438	8
-13.5503616333	3
5.38605260849	6
7.40010499954	8
5.51420783997	1
5.11647224426	1
2.74372625351	5
2.72556209564	4
2.44936656952	2
34.4999694824	8
7.05174446106	1
4.13863039017	5
-13.7537918091	2
34.0074272156	8
7.09961223602	1
6.77188587189	7
3.33947658539	5
5.14684295654	6
34.2902030945	8
5.844145298	7
2.21668457985	2
5.35064125061	2
34.2720451355	8
2.60419082642	3
7.28755378723	7
-13.4641046524	2
2.5433151722	1
3.77053833008	5
34.3958816528	8
7.25209999084	5
-13.5187892914	2
7.3588218689	8
7.13696193695	8
5.77245807648	8
34.1693077087	8
33.874912262	8
5.80992078781	8
33.9540252686	8
6.75492763519	6
5.58280229568	7
33.6741600037	1
2.57941746712	6
7.18129730225	6
-1.12562775612	1
34.2924880981	8
6.94055938721	2
34.1274337769	8
3.79018878937	6
6.96213293076	5
2.67789030075	5
34.2178688049	7
33.7613105774	2
7.65231084824	7
5.18298101425	6
5.11468935013	5
3.58826255798	5
34.4517707825	8
5.33714294434	5
5.85145616531	2
5.67550420761	6
34.0646095276	8
34.0999412537	8
5.48387956619	6
-14.0954761505	3
8.0762796402	8
34.4890899658	8
7.28783416748	5
5.49642658234	6
7.51587295532	8
7.29954862595	6
7.21460103989	8
34.5106430054	2
33.6625442505	8
2.41149783134	2
3.41258716583	6
3.7578420639	5
-41.1982879639	1
34.0173568726	7
7.41197395325	7
6.84354066849	8
5.22882127762	1
34.2846603394	8
5.99481391907	6
2.11081290245	2
-1.03323459625	1
5.07154655457	2
34.136756897	8
7.087474823	7
-41.4851570129	2
3.56308364868	2
2.35501718521	6
33.7576637268	8
-13.8833675385	1
7.04559707642	7
7.39887332916	7
7.43507146835	7
5.59440898895	8
1.86586427689	2
7.21453857422	8
33.9522438049	7
5.44328927994	6
2.01967144012	2
5.84968090057	6
3.96833133698	2
33.8177604675	8
34.1485595703	7
1.81950044632	1
3.39809131622	4
5.11019468307	1
3.74300050735	5
2.27840089798	1
7.09776449203	5
7.646733284	7
5.13363170624	6
4.20471286774	5
34.4682044983	8
2.75788450241	6
6.81169509888	2
2.73764443398	6
34.5351524353	8
-14.2002840042	2
5.9653878212	7
33.716758728	7
7.2910733223	7
33.9440040588	7
5.71106386185	6
-41.777507782	1
4.14161682129	6
33.6922607422	4
2.29608154297	6
7.01400136948	7
2.65765023232	2
7.02844381332	8
3.70064878464	6
5.53518104553	2
4.05328035355	7
2.49727296829	7
3.40587854385	5
2.26897764206	5
33.7223815918	6
-13.5330429077	2
3.88852453232	1
33.9117660522	8
34.1618652344	8
7.57875108719	8
6.95874404907	6
7.65277338028	6
34.2793960571	8
2.32919573784	2
3.61617517471	5
5.08806562424	6
33.9043655396	8
6.89451360703	7
-41.2812423706	1
5.81574821472	7
33.7853088379	6
3.93732404709	5
5.86692857742	8
34.1025009155	8
33.6878852844	8
5.80830049515	5
5.94739627838	6
7.6694393158	8
33.8906555176	1
7.65048408508	7
6.86357545853	8
5.22608709335	6
5.49070262909	2
3.80891084671	8
7.20210266113	7
5.4978260994	6
7.44943809509	2
5.74926900864	6
4.197889328	5
7.14178419113	1
-13.4054365158	5
7.37345027924	2
34.1934738159	8
2.36883711815	2
6.81622695923	7
34.0960235596	8
7.45528554916	8
7.55561876297	8
4.1735291481	1
33.9741210938	8
6.77295303345	7
5.97977161407	6
2.01622796059	6
7.62106561661	8
33.6935348511	8
34.1036529541	8
5.4125418663	6
-13.9847755432	2
5.14096021652	6
3.48037481308	8
3.83145856857	5
33.803024292	6
5.10438013077	6
5.60096263885	6
5.1618680954	4
3.54087734222	1
3.9633026123	5
6.95891666412	2
33.8847427368	8
33.8839187622	2
2.67680883408	6
34.5660133362	8
-13.8868656158	2
-41.404510498	2
6.81615018845	7
34.1984825134	8
5.80423784256	8
7.53578090668	8
1.89912676811	6
5.45865154266	7
5.12280607224	2
6.90442943573	8
34.0985069275	6
3.31212043762	5
4.22898674011	7
-42.053894043	1
33.6795578003	8
34.0360145569	6
7.61924743652	8
3.71307516098	5
2.23987150192	6
2.08721351624	3
-13.7773513794	2
34.5029792786	8
2.28243684769	1
34.007598877	8
2.44950556755	2
-41.4472312927	1
34.0343742371	8
33.841796875	7
3.87608003616	5
34.404800415	8
34.2438278198	8
7.5282626152	2
-14.1605091095	2
5.46897935867	6
3.78089952469	5
8.08068847656	8
4.01060819626	7
5.14569425583	1
2.31654548645	6
34.2882881165	8
-13.5434627533	3
34.1057777405	8
34.0066642761	8
3.2446103096	6
4.01605224609	5
5.50038433075	5
33.6320152283	8
2.40207529068	2
34.2998733521	8
3.71304702759	2
6.95529794693	8
34.2083435059	7
6.86342430115	6
5.02180480957	6
3.68681764603	6
7.03009939194	7
33.8587799072	7
2.35784220695	5
7.60269927979	6
7.51903820038	8
34.0615081787	7
5.3610906601	5
34.2234687805	8
33.6922111511	1
7.16218662262	8
5.02006292343	1
5.46546554565	1
3.76551818848	1
5.22224473953	6
6.81750440598	6
3.83229827881	6
5.39741659164	7
33.8302116394	8
33.9959793091	1
6.86139965057	6
34.0602416992	8
4.1057100296	5
33.9918174744	8
34.1541519165	8
34.1199874878	8
5.78779745102	2
33.7412223816	7
5.80608272552	1
2.62404823303	1
7.6823348999	8
1.97111916542	1
-41.2474441528	1
5.44428730011	8
6.70695924759	8
-41.2980308533	1
5.70184803009	6
1.82248044014	4
3.95426797867	5
34.29479599	8
33.8503723145	8
5.68348884583	7
7.40025377274	1
5.80958032608	2
5.04458904266	1
6.76603126526	7
3.3815741539	2
6.71951723099	7
7.26591205597	8
34.1848220825	8
2.11218261719	2
-13.8105621338	2
3.73359775543	2
3.32602500916	5
6.96883440018	8
3.61408042908	3
33.8715705872	8
6.98924160004	7
5.39245796204	7
6.76487636566	7
34.4862060547	8
5.66454696655	2
-41.1836624146	1
33.8908653259	8
5.32444429398	7
7.19219589233	8
33.9879341125	8
4.1116194725	5
-13.45362854	1
33.8928451538	8
6.98351621628	6
5.80968141556	6
34.2732315063	7
7.28984689713	6
33.6512107849	8
34.1221885681	8
1.89572691917	1
7.62193965912	2
33.7428359985	1
5.42070817947	1
2.62673401833	6
1.8331952095	3
4.01477050781	6
34.0931015015	7
5.0686674118	5
3.92594385147	8
5.24947786331	7
34.2424583435	8
2.32966351509	2
3.68440437317	2
1.91979169846	2
-14.0823669434	2
7.13971138	6
5.611951828	6
5.46021699905	8
-0.679533541203	1
7.66051530838	8
1.98021125793	3
6.9094581604	7
3.43438339233	5
34.440574646	8
2.21364164352	2
4.10439014435	5
3.60124874115	1
34.5206413269	8
5.85817956924	6
5.01270294189	6
4.13126659393	5
34.0313110352	8
33.7444915771	8
3.87562894821	6
-13.5749187469	5
5.51906919479	6
33.9755020142	8
7.07048845291	8
3.91375589371	6
5.20745515823	7
-13.5254545212	1
34.0641670227	8
4.12609004974	5
7.34975385666	7
34.4506187439	8
3.7229347229	1
5.37618589401	6
1.9333782196	3
-13.8526515961	3
33.829788208	8
34.2725448608	8
7.18543481827	6
5.83279323578	7
33.8626823425	8
5.95642137527	5
33.7358589172	8
3.7891869545	6
5.25298118591	6
7.20700359344	8
3.95265722275	6
3.84873867035	2
7.35595226288	8
7.46455860138	8
8.00674057007	8
5.46638202667	6
-13.5827941895	3
5.39580059052	6
7.63568973541	8
33.8507232666	7
7.12777376175	5
33.856010437	8
-13.5455303192	2
34.056060791	7
5.5356054306	5
-14.3760986328	1
7.62410020828	7
7.40795564651	8
3.54404640198	5
5.14426469803	7
34.3888893127	8
5.20794868469	8
6.95093345642	6
1.90676212311	2
7.67656564713	8
6.86110496521	7
34.3910179138	8
6.86260795593	8
7.19749403	7
33.9363441467	8
5.45093202591	6
6.86558389664	7
4.04555845261	6
7.03490924835	5
3.64285516739	5
2.72062492371	1
5.13070440292	5
4.01907253265	1
6.78636169434	8
4.07034778595	5
7.69184017181	8
-14.39473629	1
5.4413561821	8
34.1583633423	8
34.4151725769	8
33.8595352173	8
-41.3530311584	1
33.7221679688	6
-13.6725854874	2
5.7812333107	8
33.7314147949	8
7.42505455017	8
5.87370920181	6
5.38818120956	6
-41.4284210205	2
6.70841598511	8
2.24753975868	1
7.40173435211	8
7.69665431976	8
7.07712078094	8
-13.8292665482	1
34.0677604675	8
7.21939325333	7
-14.0347013474	5
3.63582468033	5
7.57261991501	7
4.0976896286	7
5.50936174393	6
7.04131889343	8
34.2391166687	8
34.1442070007	8
33.7904434204	8
33.9291801453	7
-13.5020637512	3
6.71861171722	6
33.7884750366	8
34.0999717712	8
6.92036771774	8
7.24764060974	7
34.3411865234	8
6.80397367477	7
34.3879203796	8
5.28223848343	2
6.97953510284	2
34.2173690796	8
6.82505655289	6
5.01278448105	6
2.74466061592	5
7.25051403046	8
5.10135746002	6
6.98002529144	8
7.5944890976	7
34.3533096313	8
6.85838794708	7
5.15438842773	6
5.68454647064	6
7.51677942276	8
4.17617321014	5
-13.6082935333	1
7.25575256348	8
33.7193145752	7
2.00993514061	5
-42.0269241333	2
2.23503375053	5
34.1164855957	8
-13.6922740936	3
5.82402992249	8
6.79761648178	6
33.8600578308	8
7.25294494629	6
7.13614082336	6
4.04675149918	5
4.05965614319	6
2.43927311897	4
34.0637054443	6
34.2724342346	8
3.52396965027	2
34.3490409851	8
7.0178232193	8
6.99026489258	8
2.14149689674	6
7.643679142	8
7.50495004654	6
34.1507873535	8
6.86745738983	6
4.02985429764	2
34.3668174744	8
7.6273355484	8
5.92815494537	2
3.98648834229	1
33.6661872864	8
4.07004737854	5
7.36986160278	7
2.38473987579	2
34.1697998047	8
5.48228931427	6
5.62029123306	6
4.00479650497	6
7.1936583519	5
4.19306707382	6
2.40526413918	2
34.2844047546	8
5.37996244431	7
7.16591310501	2
5.75254535675	8
5.77184104919	6
7.08819055557	8
5.45272254944	5
5.15865421295	4
5.35172319412	6
34.1719589233	8
7.02301216125	7
34.1201171875	8
33.9499969482	8
2.76338601112	3
33.943561554	7
5.67986392975	6
3.28954172134	4
7.22415685654	8
3.82635402679	6
6.96654462814	8
5.0579829216	8
7.4651350975	8
-0.850472986698	2
34.1562995911	8
7.41112136841	8
5.2129240036	6
34.0938148499	8
33.8788642883	8
34.1547889709	8
5.22059392929	5
34.1636161804	8
7.25163555145	8
7.37033939362	6
4.14528465271	6
3.95751619339	6
-13.6003932953	3
7.38894271851	6
5.65441179276	6
7.07805252075	6
7.5477399826	8
7.46720981598	7
3.44469642639	5
8.01152801514	8
5.65332651138	7
33.8650131226	6
7.55476474762	8
34.2345848083	8
5.90985918045	7
6.88389921188	7
7.03349065781	8
7.45708084106	6
7.43442296982	8
5.48441171646	2
7.20494270325	8
4.19899940491	1
2.30152869225	4
34.2596817017	8
3.81668376923	6
33.8835639954	8
6.83226680756	2
34.5867652893	8
7.00032997131	6
7.45793533325	8
3.3639421463	6
7.44216299057	2
2.4760222435	2
5.31345272064	1
3.73174762726	1
2.64817070961	6
5.43378686905	6
3.69096851349	7
-0.768123805523	1
6.76235151291	1
33.7940216064	7
6.79056215286	6
7.18843317032	8
34.3070678711	8
34.2664489746	8
33.9027786255	8
2.36202764511	2
3.36105632782	1
34.2809066772	8
7.2181968689	6
5.33403301239	2
34.2045173645	8
7.58924436569	7
6.91821813583	7
34.2892227173	8
5.98613023758	8
6.91375350952	8
5.06893587112	1
33.6496162415	8
4.14393138885	2
34.2727546692	8
33.6183128357	6
3.30585384369	2
5.66377258301	7
-41.303352356	2
6.84405183792	6
33.9977722168	8
5.48147153854	6
5.94478797913	7
5.32861566544	6
3.44823741913	5
4.17749452591	8
-14.073846817	2
7.10651397705	7
2.49476003647	5
6.99301958084	5
6.71200752258	8
2.42338776588	2
33.7447509766	8
6.75980710983	6
2.33154249191	5
7.35083198547	8
33.7333526611	8
5.40585231781	7
5.09099054337	6
-13.6930904388	1
5.03264093399	5
-14.0140686035	4
5.83016633987	8
3.45681285858	2
-13.6691398621	1
34.322593689	8
7.28726482391	7
5.88243150711	6
7.20104885101	7
34.23828125	8
-13.5073919296	3
5.38976335526	3
7.48280525208	2
7.51166534424	7
34.0612411499	8
33.9782829285	8
3.68874073029	2
5.58082962036	6
2.21456956863	1
-13.407418251	1
-14.1942443848	1
2.23547458649	1
7.00279474258	8
4.22019338608	6
-13.9316158295	2
-14.0633144379	1
2.6243326664	1
5.88711929321	6
34.0616722107	8
6.7819685936	7
2.27357435226	2
-41.6010551453	1
5.18739271164	6
33.9518585205	8
-41.4837150574	1
7.3531665802	7
-14.3898487091	2
3.86002445221	5
33.9124908447	8
-14.2754955292	2
5.17074584961	6
33.8087921143	8
5.86057472229	6
33.9113960266	1
7.22340297699	8
33.7132720947	6
7.44524908066	8
5.10559558868	6
2.14950251579	2
-14.0311222076	1
6.70883893967	6
6.97810745239	6
5.06320333481	2
3.90381002426	2
7.17400979996	8
3.47594070435	2
5.58541440964	5
33.7890472412	8
34.115940094	8
33.7874526978	8
7.22315835953	7
6.91839122772	6
7.23858594894	6
2.73031568527	6
6.99864959717	6
2.4751830101	5
6.79336118698	6
7.27888965607	8
34.0756874084	8
6.79165458679	6
1.94428515434	5
7.28297901154	6
33.9185028076	8
7.14012241364	6
7.32265329361	2
3.92790269852	4
5.56632423401	1
33.9391326904	8
5.01834154129	5
6.94090080261	6
6.76409196854	8
1.97307085991	5
5.91796779633	8
34.0280075073	8
-13.774438858	2
34.2513923645	6
33.9439697266	6
5.99694490433	7
3.52146720886	4
5.67266893387	7
33.8263473511	8
33.8422317505	8
2.35288238525	4
34.011138916	8
34.1896286011	8
33.8327484131	8
34.156539917	8
2.11392402649	3
7.48010873795	8
34.0363464355	8
7.27981185913	6
33.8840026855	8
34.2026672363	8
5.27977657318	6
2.73785042763	7
5.83410549164	1
6.95941543579	5
7.04655599594	7
7.36932373047	6
3.89438915253	5
3.69439744949	6
33.9504966736	8
5.01631259918	1
1.91194224358	4
3.69102096558	6
34.2079048157	8
34.3755989075	8
6.71839666367	6
-14.3414392471	2
33.7625999451	7
2.73958468437	4
34.1893844604	7
5.58530139923	8
3.72388648987	2
-41.3180999756	2
5.22975873947	5
6.71863746643	7
1.92720842361	1
34.1102142334	8
34.0773086548	8
34.4914894104	8
7.19002723694	8
3.79687404633	5
5.91461277008	8
5.98342943192	1
6.73080301285	6
6.87822675705	2
7.58436822891	8
33.6210708618	8
5.61072874069	6
34.3333892822	8
7.64809894562	8
7.62861680984	8
7.24044084549	6
3.97171545029	1
5.35170316696	6
5.07462882996	6
2.28843688965	1
5.26505422592	5
7.55255413055	6
5.47912120819	8
2.08698129654	1
33.904045105	8
6.98627758026	2
5.76778697968	8
34.2899131775	8
3.95798254013	6
5.28957366943	7
2.36139845848	5
8.02083587646	8
34.4841041565	8
5.78260469437	6
5.18191576004	1
6.72722244263	7
34.0770111084	8
7.17068862915	5
34.3999557495	8
6.88612127304	4
3.53786849976	5
34.4442863464	7
34.3264694214	8
6.76831912994	6
4.02696228027	5
5.10164070129	8
7.34486865997	8
-13.8880853653	2
34.3213729858	8
6.99874544144	6
33.884563446	6
4.19774580002	2
3.99915075302	7
3.61445569992	5
7.49484586716	8
7.61401319504	1
2.27548599243	1
34.0285491943	7
34.2009773254	8
3.73367547989	2
-13.8193435669	1
33.6377067566	8
5.640625	6
33.6883277893	8
6.70501899719	6
34.4753684998	8
33.7353515625	8
5.31458091736	6
7.16613531113	6
3.81260919571	6
3.45324420929	1
33.6377639771	8
6.99568080902	2
7.63490009308	8
3.83750343323	2
34.4412193298	8
4.08748960495	1
3.33212375641	2
2.78678822517	2
1.95269870758	4
3.59717273712	6
5.83994722366	6
5.6631975174	7
7.09122657776	6
2.30138969421	1
4.02138328552	6
5.34177207947	8
1.89721941948	5
-42.0418281555	2
7.35449314117	8
5.96056985855	6
33.8418502808	7
7.14714336395	8
34.1023483276	8
3.5853843689	5
5.64103317261	8
34.2162246704	8
-13.9528064728	6
3.99138116837	2
2.7716588974	6
7.62163877487	8
7.04490375519	5
5.34563684464	6
3.51105594635	5
-41.1440620422	2
5.51985788345	7
7.53519010544	2
34.5268630981	8
-1.72326469421	1
34.0841445923	1
33.7756843567	8
6.91632318497	6
2.30182552338	5
-13.6515846252	4
2.63025808334	6
1.80534172058	2
3.8716545105	2
33.7480773926	8
33.9654159546	7
3.44019460678	8
3.65031337738	5
5.23719930649	7
33.8302268982	8
7.3979678154	8
7.25503635406	8
7.3660197258	6
5.30715227127	1
7.26369953156	8
2.07824206352	5
5.89650297165	6
33.6880493164	6
7.57131147385	2
1.89261364937	5
3.43551969528	2
5.65134429932	6
3.38103199005	8
5.73362064362	8
7.46961927414	8
5.50392818451	7
33.9235153198	8
7.20622730255	2
7.57188177109	8
2.73640418053	5
34.2651062012	8
5.9328789711	7
5.94043874741	6
5.62239646912	7
34.0784606934	8
34.3314704895	8
33.8720741272	8
7.28151321411	8
7.1568775177	6
34.0859375	8
3.67372369766	2
3.64296245575	6
6.9134054184	6
7.4533405304	8
3.50251579285	2
7.5503411293	8
-41.4880599976	1
34.2414398193	8
5.98305082321	5
7.16647052765	8
5.09280014038	2
6.73864555359	5
33.9477996826	8
34.0021476746	8
3.62380027771	2
5.12171936035	1
34.0563926697	7
7.47508764267	7
33.9567871094	8
33.8297615051	8
34.4556694031	8
4.2136797905	5
7.23123693466	6
6.98918914795	2
34.266040802	8
5.07430315018	1
6.80388975143	1
6.90753078461	7
4.12883615494	1
4.14576387405	6
6.89281797409	6
7.6056599617	7
1.96123051643	1
34.0394973755	8
4.03787517548	1
33.629283905	8
7.31647014618	6
7.48857736588	8
7.60564565659	8
3.91736936569	6
5.10163021088	1
7.17038249969	1
7.04468488693	7
-14.0866794586	5
-13.8285455704	3
3.77749156952	1
6.86182880402	7
34.0184822083	8
34.1181144714	7
-13.7025222778	2
7.50136137009	8
33.8837356567	8
33.9620437622	6
7.59136343002	7
5.319024086	8
34.2585029602	8
4.01913261414	1
4.15873718262	6
6.79447746277	4
5.96781015396	6
7.51849365234	6
34.176990509	8
33.9169425964	7
7.26415777206	5
5.76889419556	2
5.41471767426	2
34.002948761	8
5.50709819794	6
6.92893075943	7
4.03603363037	5
7.1429028511	2
5.33973455429	1
5.85908794403	6
34.1543769836	8
34.0721893311	8
5.93280792236	6
6.95747756958	7
7.36297988892	8
5.63664913177	7
5.32948255539	5
7.52336597443	8
3.91390419006	6
5.79227781296	7
6.85278987885	7
5.41849708557	6
6.93476867676	8
3.89150619507	6
2.54759716988	6
2.73737692833	2
3.93413305283	5
6.88120746613	8
5.54371023178	2
-13.587395668	1
5.36451768875	6
3.59145259857	5
33.7192687988	8
5.48935747147	6
-41.5876083374	1
7.30184936523	8
1.83516979218	2
33.8460464478	8
3.88410758972	7
5.08028364182	6
4.01765155792	5
3.42491579056	1
7.32803535461	6
5.87330102921	8
7.29866743088	8
-13.5816106796	1
2.74726200104	1
34.5453186035	8
5.47173881531	2
7.04625844955	7
6.97347211838	2
34.4355354309	8
5.98771619797	8
7.15189886093	8
5.7775387764	7
1.982858181	2
7.35474967957	1
3.33006238937	6
7.47629785538	7
34.2924194336	6
5.6796131134	5
4.07812976837	5
1.86468529701	6
34.3549728394	8
2.51972937584	4
33.7704391479	8
5.70989656448	6
4.16223716736	6
-41.5429916382	1
5.02701854706	6
-13.6918363571	1
2.72069787979	5
3.70687770844	2
2.20673704147	2
33.8700561523	8
7.29614448547	8
7.43220090866	8
5.18423700333	1
7.67597770691	6
4.04794645309	2
34.2178497314	1
6.71112155914	7
7.57044887543	8
33.684967041	2
4.22340726852	2
7.14307832718	6
33.6625747681	8
33.9611930847	8
3.90771245956	1
2.75832843781	4
34.1996955872	8
7.35627841949	6
-0.790900230408	1
33.8610610962	8
5.05813694	6
2.05357456207	2
3.83441638947	6
34.2890739441	8
5.29684638977	6
6.77653312683	8
-14.0843143463	3
34.3769683838	8
3.6992650032	6
34.0275268555	8
3.43511247635	6
33.7827568054	8
7.04532623291	5
-13.6692743301	2
7.29111480713	7
-41.1875419617	1
1.79183626175	5
6.80931615829	6
34.3451576233	8
7.47901439667	7
4.01400327682	5
4.05681419373	6
33.8065605164	8
7.60450267792	8
6.83963060379	5
5.22485589981	5
34.2706565857	8
34.0842971802	8
6.80788135529	6
3.86522626877	6
4.12182378769	6
-13.970615387	2
7.12830162048	8
7.1706495285	8
33.8335113525	6
7.59924411774	7
5.82419919968	1
34.3651237488	8
7.44116067886	8
6.77379751205	8
7.66287326813	8
7.56045103073	8
5.4929356575	8
7.17976713181	8
5.15255498886	6
2.37812376022	2
3.5958404541	1
3.5827665329	6
3.46437835693	2
3.85126399994	2
7.30793046951	8
3.80123567581	2
5.61362934113	7
3.86203622818	6
6.90874862671	8
6.90019273758	1
-41.2000808716	3
4.18911361694	6
7.45825767517	8
33.7824783325	8
8.10981082916	8
-13.6864957809	1
3.36720848083	1
7.08133459091	7
5.40691184998	6
7.26732826233	8
34.4537277222	8
33.7352294922	8
3.46773719788	6
6.78018093109	8
6.96537494659	8
7.45239686966	7
-14.2010059357	1
33.9587860107	7
33.6418190002	8
2.27001857758	2
-13.8806858063	1
5.25076341629	6
5.64779949188	5
5.4316649437	6
7.25372362137	6
8.09580516815	8
34.079246521	8
5.77989625931	6
7.31166362762	8
6.78088235855	6
34.1902427673	6
6.97380971909	6
33.6377029419	6
33.7708435059	6
5.13317155838	5
33.7601547241	8
-13.4222621918	2
7.60584402084	5
1.88602018356	3
5.00846767426	6
34.135925293	8
7.04259967804	6
33.7612762451	2
1.99819850922	1
7.4094209671	7
3.84843015671	5
34.1165390015	8
8.10590934753	8
4.1006975174	7
33.9440956116	8
33.8842048645	2
7.25635910034	8
6.91086530685	1
5.34902572632	7
-14.0688266754	2
5.78208112717	8
7.28132867813	1
34.211265564	8
5.51834726334	1
34.254825592	8
34.5011482239	8
7.05997085571	2
5.02846813202	1
7.68485736847	8
34.2260856628	8
-13.9389476776	1
33.7641944885	8
7.55484676361	6
7.02455425262	8
33.8313179016	8
4.0719332695	2
5.46900463104	6
6.85694122314	6
34.2611351013	8
7.10157775879	2
2.7820148468	4
5.57066869736	2
7.38420152664	6
6.75005865097	6
7.21420621872	7
5.61884307861	7
6.9964056015	5
34.3514022827	8
2.65560102463	8
3.93281030655	1
33.8449287415	8
3.3242726326	5
33.7178192139	6
6.95669698715	7
5.29517745972	5
-41.1363601685	5
5.14604043961	6
7.60119438171	8
6.84150505066	8
2.09168100357	7
7.24583053589	8
7.01404476166	7
-41.6598167419	1
6.90894794464	6
6.85427522659	6
33.6481513977	6
5.97676944733	7
7.32637214661	6
7.26178216934	7
6.91431331635	6
7.20441532135	7
2.39180397987	2
2.21235918999	6
7.47788906097	7
6.94372463226	7
33.7691993713	8
4.03076076508	6
7.1953125	1
7.29853105545	8
5.89041852951	6
33.6761054993	5
34.2527770996	8
7.07627344131	7
33.7716751099	1
33.9876556396	7
7.18639850616	8
34.2846679688	8
7.11337327957	8
33.903503418	6
5.35081958771	1
5.43246555328	8
2.65614032745	5
5.95587348938	7
34.1143989563	8
34.1365470886	8
3.91223669052	1
5.90241527557	6
-14.3412284851	1
-41.5763702393	1
6.75965166092	6
34.399394989	6
4.07593584061	7
34.1250457764	8
8.16265487671	8
6.73974084854	7
2.13502526283	4
34.0804138184	8
3.93896436691	1
5.98244953156	1
34.0254478455	8
33.8600578308	8
7.08706331253	7
33.7876014709	8
3.27712202072	2
-13.6497440338	1
-13.7574472427	2
2.38207745552	4
3.92207336426	5
5.36003828049	1
4.08772039413	6
3.95525693893	5
34.0767784119	8
34.3370094299	8
-13.8016414642	2
3.6965265274	2
33.9633560181	8
33.8685150146	8
34.3205184937	8
5.94618034363	2
34.0598602295	8
6.83196783066	6
3.28968429565	2
5.9372792244	7
5.97827625275	8
-41.3665122986	2
3.60126590729	2
3.82295274734	1
33.7242774963	8
7.38094902039	1
7.3234577179	8
34.0487213135	8
34.1355857849	8
3.60239553452	1
34.0804290771	8
3.81488847733	8
3.430352211	5
33.7415008545	8
3.84943342209	6
3.64739131927	2
6.84903097153	6
2.05196166039	1
34.0185203552	8
5.66572475433	6
33.6944503784	8
34.2571372986	6
5.58926200867	6
7.45755910873	6
33.9280204773	6
33.9505615234	8
7.6730465889	8
33.8002548218	8
7.30713367462	8
6.85468053818	6
6.81087732315	6
7.20670843124	8
34.3826560974	8
7.54982233047	8
34.1736297607	8
33.8948249817	7
-13.8776788712	1
34.3359260559	8
5.36735343933	5
6.74439811707	6
7.53465557098	8
5.44623088837	6
7.31615495682	6
3.24994087219	7
1.82217049599	4
3.8981795311	1
34.2151603699	8
33.6332244873	8
4.14665460587	7
1.85738229752	1
2.71506762505	6
6.93946504593	8
7.05227422714	6
7.05234909058	8
2.43717885017	5
5.12371587753	5
4.10863828659	7
34.1524505615	8
33.8836174011	8
2.41351270676	4
5.72836351395	8
33.8946990967	8
5.59509038925	6
6.82465648651	6
5.38925170898	1
7.06692123413	6
3.76039886475	6
5.50545692444	7
3.94727611542	1
6.8563990593	7
7.14873170853	6
7.52355241776	1
4.17895269394	5
6.88388872147	6
5.27332544327	7
7.59535169601	8
34.0059051514	8
33.6982421875	8
7.37899065018	8
-41.6154823303	5
7.15577840805	8
33.8493804932	7
33.6590194702	7
2.63872361183	5
1.87168192863	3
5.42974233627	7
34.1546325684	8
7.68302297592	5
5.32756137848	6
4.16129398346	2
34.2123260498	8
2.62203907967	6
34.0974578857	7
7.00694274902	7
34.0309295654	8
7.45481777191	8
34.3677062988	8
3.8635597229	5
2.09131717682	2
34.2501564026	5
34.0873985291	6
33.9274368286	8
5.97954416275	8
2.76103639603	6
7.0511007309	6
33.665058136	8
1.80367851257	4
3.96401309967	2
-13.4249992371	2
34.4673843384	8
2.47320723534	4
6.89799976349	6
2.70683288574	2
5.74895524979	2
7.06270980835	7
5.79348087311	2
2.52599787712	2
7.27291631699	8
7.12602996826	8
6.87353563309	7
33.6646232605	8
5.76573085785	2
2.4281847477	6
2.20679593086	5
5.18177461624	6
33.9235420227	8
33.8446083069	1
33.8062934875	8
2.66539525986	6
34.0978164673	8
6.8019733429	7
7.14299058914	6
-13.6112680435	2
33.9777259827	8
4.11189985275	6
3.99380683899	6
34.228515625	8
7.11711835861	8
-41.3502159119	1
7.42280435562	8
3.51644229889	5
6.72356700897	7
3.44417476654	6
6.78205537796	7
34.2431678772	8
4.15903091431	8
7.4585776329	8
34.0684204102	8
2.77320981026	5
33.6711044312	8
34.0431442261	8
6.96316862106	8
3.82544898987	6
7.26291322708	8
5.41422605515	5
33.79347229	7
7.34773492813	8
34.3147964478	8
4.16968870163	2
5.99195194244	6
33.8025741577	8
2.36222958565	6
7.14088106155	8
6.74329805374	6
4.21571207047	8
2.35046076775	5
5.38998317719	2
5.76564216614	6
33.9204139709	8
5.27659606934	6
5.70410490036	6
1.80122828484	2
33.9483566284	6
7.36955881119	5
2.30098390579	1
5.28221464157	6
5.65265607834	1
1.83456468582	1
7.11771583557	8
33.9640884399	8
-1.22142267227	1
7.06335258484	8
2.347635746	4
7.65621900558	8
7.44398832321	8
3.34572410583	5
33.7727546692	8
33.9314537048	8
5.26999330521	5
2.29562211037	6
33.8855514526	8
33.9720230103	8
2.01520180702	1
2.33950710297	2
3.80439472198	6
6.88536453247	8
7.53686285019	8
7.33603477478	8
5.36025619507	2
7.49500656128	8
2.25366902351	2
4.09630298615	6
3.74791574478	6
5.96871852875	7
5.86241388321	2
1.93520855904	3
33.7479820251	8
7.62900161743	3
2.43175125122	1
5.74970960617	2
7.33639621735	6
6.96613073349	6
3.91032409668	2
5.81497526169	7
34.3388366699	8
-13.5558509827	2
34.5829811096	8
34.2301597595	7
5.13117074966	6
1.9376437664	1
7.66606664658	8
34.1312942505	2
33.937046051	8
5.23862695694	6
3.76985311508	5
7.64830875397	8
33.7024040222	7
3.58335494995	6
34.3924179077	8
33.9164810181	8
3.27382278442	7
5.33487892151	8
1.98538422585	6
5.35114860535	7
4.12174797058	6
5.46906423569	7
7.18289852142	8
5.47225904465	6
33.6834259033	5
34.0489349365	8
6.73086595535	7
3.65636968613	6
5.11373233795	6
2.52204585075	5
33.9884529114	8
5.47930049896	6
33.9543190002	2
7.31868696213	7
33.8256072998	7
7.23300027847	7
3.73206567764	6
3.70859622955	1
7.07371807098	7
-13.8717460632	1
1.94983386993	1
1.98978686333	4
34.1080818176	8
34.1207733154	8
7.57614421844	8
5.18266296387	2
33.7780914307	8
7.16075134277	6
-41.3344497681	1
5.50594949722	6
7.44617080688	8
-13.5515317917	4
33.9151229858	8
5.95671415329	5
7.21804332733	8
33.6187210083	6
3.67345333099	5
33.6494598389	2
34.2611465454	8
3.78662204742	1
5.77174282074	7
4.19825553894	5
34.3184547424	8
5.43631076813	7
7.66147041321	8
7.69605875015	8
3.33691358566	7
2.02559399605	2
5.44761562347	6
34.2429008484	8
2.73769760132	6
7.01351070404	6
5.45908260345	6
3.39334583282	4
7.20376634598	8
33.9404792786	6
7.16899204254	8
5.97758960724	2
3.74993658066	5
2.41724348068	6
6.88891029358	7
5.88340902328	1
34.0641860962	8
34.094619751	8
6.95497703552	6
7.42484283447	2
33.9993896484	5
7.21286439896	8
33.9370803833	6
5.91832017899	6
1.98011636734	2
34.1345367432	7
33.9267997742	8
1.95158004761	2
5.93672609329	6
-41.7685317993	2
7.29724025726	5
7.10887956619	7
5.73946762085	1
5.28534507751	6
-41.6705169678	2
3.3424282074	3
-41.9583435059	1
7.04955339432	8
2.68799877167	6
5.24760198593	6
34.2882232666	8
5.34150600433	6
33.8295516968	7
5.64585494995	8
-13.4463443756	4
34.3990592957	8
7.01611232758	8
7.6430106163	8
7.24100399017	7
34.1459312439	8
7.50890684128	8
3.66138553619	8
5.51653289795	6
6.9463763237	7
3.58838796616	5
5.96012878418	6
34.0072135925	8
7.39595222473	8
33.7001953125	8
4.15996980667	7
34.0004768372	8
2.78057646751	4
5.15792894363	6
7.18059062958	8
34.2283592224	8
7.67586565018	7
6.76313352585	8
7.34081840515	8
3.53602075577	5
2.32144236565	1
34.0645561218	8
5.41578769684	7
33.9026031494	8
6.71784353256	7
3.96245384216	6
5.98665904999	8
34.001121521	1
33.77135849	8
-13.7658720016	2
33.9854316711	8
7.00161838531	6
7.19641685486	2
-14.2787914276	2
7.4514670372	8
3.571641922	3
-13.9495515823	2
8.09094142914	8
7.68609666824	7
7.35495424271	7
5.24867773056	5
7.36493730545	8
3.39382410049	2
2.49143409729	2
6.91492271423	8
33.7474060059	8
5.93853807449	6
7.35481262207	8
2.68962955475	1
7.46686172485	8
34.3788566589	8
7.01408624649	8
3.94913101196	7
5.35726499557	8
5.79354810715	7
4.11632633209	6
-14.1083869934	2
7.19995880127	8
7.27342844009	7
34.2555160522	8
2.37622356415	1
7.45970726013	8
34.2350692749	7
34.023525238	7
5.57329750061	6
7.69017219543	8
34.4978408813	8
7.23406076431	6
7.61731624603	8
5.41918039322	7
6.77527856827	7
5.71889543533	1
3.26165485382	1
-13.7017688751	1
5.04263496399	7
4.15968704224	5
2.22065663338	5
33.9000892639	8
33.8767929077	8
3.34587812424	4
7.29077959061	7
1.9441075325	2
7.48818445206	2
2.33023762703	2
6.89629077911	5
34.2426605225	8
-13.928524971	3
7.41028785706	6
5.49050760269	6
34.1947517395	8
7.30566692352	8
3.27361345291	5
7.63097715378	6
4.14572429657	5
5.95222663879	6
5.4047369957	2
34.3906822205	6
6.77609729767	7
-13.5255966187	3
3.76486778259	2
3.5852355957	5
5.40029335022	5
5.77122402191	6
5.35116577148	2
33.837436676	8
3.60407733917	6
33.7789916992	6
2.04847216606	2
-41.4366149902	2
33.9946479797	8
2.65899682045	6
5.20490026474	6
6.86755752563	6
2.18051171303	1
34.047706604	8
7.56234741211	7
7.0661110878	7
3.41022586823	6
34.3089294434	8
33.8382225037	8
-41.2475280762	2
7.06325769424	8
5.80951356888	6
6.94151926041	7
2.42329144478	2
6.82885026932	6
4.02374172211	2
5.54180002213	5
7.4367647171	8
7.00269269943	7
-13.7221107483	1
6.87715530396	2
7.49389648438	7
3.68566799164	2
-14.2114124298	1
33.926361084	8
3.91670322418	1
6.87048482895	8
33.9237289429	8
4.05238103867	5
7.29442214966	6
6.81208658218	7
5.68912410736	6
7.47070169449	1
6.96819114685	6
5.35098266602	7
1.97437334061	2
33.8264579773	6
5.39850711823	2
3.87916564941	2
1.81022524834	3
3.47857761383	7
5.97932243347	7
-41.6304931641	2
5.56902074814	7
2.64697957039	2
5.34299373627	6
3.2958574295	6
6.98747634888	1
33.8288269043	8
7.58557939529	7
33.7682037354	8
-14.1611232758	2
5.07028770447	7
2.15062427521	3
1.88397240639	4
34.0129013062	8
33.7031478882	8
7.60854244232	8
7.43455171585	7
33.6297607422	2
5.93147802353	2
3.84284734726	1
7.24622154236	8
2.63419699669	5
2.50810575485	6
2.42266702652	6
7.61184692383	8
5.69488048553	6
6.77631855011	8
5.05187892914	1
7.53742361069	8
4.20770359039	2
6.97772836685	6
6.80175352097	8
7.02811527252	1
6.72280693054	7
4.21334648132	6
33.8238868713	8
5.15898180008	7
1.85488295555	3
5.53453159332	1
4.01911354065	6
3.67102146149	5
7.54704666138	8
7.37064981461	7
3.3103313446	1
5.60806131363	6
7.09863233566	8
-2.00348329544	1
5.04517507553	6
7.291410923	8
5.94721603394	8
5.21243524551	5
3.7556180954	6
5.00401639938	2
33.7085151672	8
2.04970908165	4
33.940372467	8
34.3599739075	8
34.0536956787	8
1.98772668839	2
-13.5772705078	2
2.4381043911	2
1.86985945702	2
6.86367416382	6
2.18326640129	6
-13.8385486603	2
-13.7574062347	5
7.23270606995	6
7.00835990906	7
7.61938667297	7
34.3942298889	7
33.7781791687	6
5.7003865242	6
7.10294914246	6
1.91196608543	1
4.22194242477	2
5.69640398026	8
3.23459243774	6
7.26667022705	8
-13.7396001816	2
34.2043113708	8
7.49914121628	7
33.9031944275	8
7.60997581482	7
4.03685712814	6
33.8292617798	7
3.36989974976	1
34.1833496094	8
7.2259759903	6
7.65962505341	6
33.7877502441	8
-13.819890976	2
3.82992315292	5
2.06402230263	1
7.66252803802	8
33.7107810974	8
1.90999650955	6
34.1243209839	8
5.98301315308	5
5.21598339081	6
7.55756521225	6
5.51203393936	2
6.94098043442	6
5.07908535004	5
-14.0500545502	2
3.70493888855	1
-13.4269666672	6
5.16400718689	2
5.48813486099	2
7.22635316849	8
33.9623374939	8
-0.857059240341	1
7.10561227798	6
5.20772838593	7
33.7193336487	8
5.56364297867	3
3.32076931	4
-13.8771390915	2
4.09448623657	6
5.81252479553	1
5.09649515152	5
3.35212135315	2
-13.9053497314	5
3.85091018677	1
5.63700294495	7
34.2482948303	8
4.03932476044	1
5.7219748497	7
2.09775137901	4
7.16767454147	7
3.67220878601	2
5.7654132843	7
7.06700611115	8
2.69667458534	1
5.67889642715	7
5.7909321785	6
5.49860095978	6
33.7866210938	8
7.34794712067	1
6.91262149811	1
7.53304243088	8
3.37290668488	2
33.8727378845	8
6.74049472809	1
1.85149693489	2
7.65438747406	2
-41.1420326233	1
6.73760986328	8
3.95893764496	5
33.7415351868	8
-13.4624128342	1
-14.3412485123	2
34.0190353394	8
33.7297706604	7
5.59174203873	8
33.7231636047	8
5.992166996	8
2.43562483788	4
7.25262737274	6
34.0815696716	8
33.8091392517	8
6.74479675293	6
34.0348243713	8
7.42178678513	6
5.40423774719	6
5.40314388275	6
2.04934000969	1
33.9399452209	8
6.78200674057	2
-13.8844909668	5
7.469871521	6
2.05716729164	2
2.48651909828	5
5.98231601715	6
7.47575378418	6
7.4462556839	1
4.0446062088	5
7.10577392578	6
7.24483299255	6
4.15553760529	5
1.82365345955	1
5.45594549179	1
7.11811828613	7
3.79282999039	1
8.06260585785	8
5.38791847229	6
33.6766166687	8
7.30246639252	7
33.9994468689	8
3.61172485352	6
3.53939056396	2
34.093460083	8
7.1131978035	8
33.6506652832	8
4.21388483047	7
2.38477087021	7
4.18303966522	2
2.04205322266	2
7.04886245728	7
5.4950761795	6
3.54417324066	7
7.18741226196	6
3.33810043335	5
6.85890197754	7
33.7228050232	8
5.25641965866	6
7.6038942337	1
34.0166702271	8
33.9247741699	1
33.7990264893	8
-14.3397350311	2
34.0553779602	8
7.45909023285	8
34.357219696	8
34.0478439331	8
7.22150373459	8
3.37597370148	8
5.69243144989	6
-14.0303268433	3
3.39779758453	5
5.73203706741	8
2.32001924515	6
3.93392276764	5
-14.3550071716	1
3.66755962372	1
5.37065029144	6
5.73705434799	2
2.75295257568	1
5.37779283524	5
7.6639881134	8
3.98754072189	5
5.85369491577	2
33.7195549011	8
5.53715848923	1
1.88957571983	1
2.72714042664	5
2.29120326042	4
34.2255020142	8
3.96338510513	5
2.16348481178	5
7.23707914352	8
5.40965652466	6
5.9295797348	8
3.52751636505	2
4.10661792755	2
7.20783853531	8
4.13955402374	1
34.1319465637	8
2.70035982132	5
34.3325309753	8
6.76075172424	6
2.4765958786	4
4.10005807877	1
-13.9077129364	2
7.57377290726	7
5.96818304062	7
2.46891713142	1
7.09761238098	8
5.64621210098	8
7.66839694977	5
2.52609443665	6
5.91309070587	1
-14.3915910721	3
7.22427415848	7
34.075428009	8
5.15953636169	2
5.33087587357	6
1.82223510742	6
1.86256432533	5
7.57477903366	8
5.45873641968	5
7.50579118729	6
5.99769830704	8
5.57730960846	6
34.1397476196	8
34.2904968262	8
34.0351982117	8
34.463104248	2
7.28592395782	6
7.15217638016	8
2.52910900116	1
-13.8253669739	3
5.09412622452	8
4.11021137238	2
5.36243486404	1
5.6187081337	7
7.3417096138	5
-14.0855579376	2
2.69546866417	4
5.4251074791	6
33.9573059082	8
3.49390220642	6
7.48424339294	8
5.9092874527	8
7.57866287231	7
4.12257862091	7
2.15479850769	4
1.94661450386	1
6.82896375656	7
5.46649217606	8
33.8563041687	8
-41.1787414551	1
5.73111486435	6
-13.5271863937	2
33.7945785522	8
-14.0345935822	6
33.9859542847	8
7.66428899765	8
2.41023206711	8
2.19373893738	2
2.73494005203	2
33.9475975037	8
5.15332698822	6
7.13866376877	6
3.70948696136	2
5.24192428589	5
34.0914802551	8
5.75295448303	1
34.1986732483	8
34.1072463989	6
34.0750007629	8
-41.6081695557	1
5.52310276031	1
34.392578125	7
5.39715576172	5
33.7398338318	5
6.94626092911	8
3.32043457031	5
1.79327464104	5
6.75697851181	7
6.95120286942	7
-13.6895065308	3
2.46792030334	2
33.6615982056	7
6.71120929718	6
3.98536300659	7
34.3796157837	8
6.94570493698	7
33.6794166565	7
5.17472743988	5
4.04071140289	2
33.7858581543	6
33.9412994385	1
33.6859588623	8
34.0026016235	8
34.2938461304	8
2.68721413612	6
4.05527496338	6
3.92486000061	2
34.3419036865	8
5.77280855179	7
33.9419059753	7
7.20871782303	7
7.49134206772	8
-13.4677619934	2
7.6827507019	6
5.28788280487	6
7.55172348022	8
5.3635725975	6
7.51161193848	8
33.7727622986	8
6.88209056854	8
34.002696991	8
4.1356253624	5
5.85074663162	7
3.74246025085	5
34.002948761	8
7.42562150955	2
5.36005353928	7
1.90320706367	3
7.69880199432	7
3.99202919006	6
6.99603271484	2
33.9596099854	8
33.6910552979	8
34.3033218384	8
7.01940965652	8
8.00844573975	8
5.29793596268	7
-41.1597328186	2
34.4391784668	8
4.04733324051	6
5.97101163864	6
34.3260879517	8
33.7188148499	8
34.012134552	7
5.54760217667	6
33.8907775879	8
7.05669164658	6
7.64113044739	8
6.95242547989	7
-13.7051439285	2
5.48179864883	8
34.1043548584	8
6.8490691185	1
5.70524644852	6
-13.5656414032	3
7.04326820374	7
34.1274337769	8
7.59873151779	6
7.47050189972	8
34.1159133911	8
7.2304058075	8
7.36105155945	7
5.13322639465	7
33.6390228271	8
6.73024654388	7
-13.6705551147	3
33.8878517151	7
34.2133255005	8
2.03043937683	6
3.78211545944	4
34.1186180115	8
3.30249214172	5
5.63818264008	7
2.57275342941	1
5.73732376099	7
5.91831970215	6
5.26008844376	6
3.74642896652	6
7.3496336937	7
33.7273330688	8
3.54857730865	2
7.38419485092	8
7.30695581436	8
5.5500254631	5
2.10738182068	2
3.95198059082	5
34.473739624	8
3.79953336716	7
34.5192489624	6
5.83153152466	1
2.08052158356	5
5.87182855606	5
-41.5454483032	1
3.40555858612	2
5.32161426544	2
5.63405990601	6
7.50508594513	8
34.4912834167	7
3.24152183533	1
7.12881135941	7
7.6328253746	1
3.94347906113	2
7.59283924103	8
5.60957384109	6
4.17118263245	6
6.84007406235	6
5.36552000046	6
7.18811559677	7
3.83768081665	6
3.6132311821	5
5.8796916008	5
5.40241289139	2
7.00495815277	7
5.01014280319	7
3.91708374023	2
7.47446966171	8
7.67404556274	8
6.73746061325	7
3.32649993896	5
33.9361686707	7
3.71017074585	7
2.27434062958	1
3.58368015289	1
33.8884429932	1
7.05773115158	8
5.65450668335	8
34.3540115356	8
7.50430250168	8
4.2159280777	6
5.01711702347	1
4.05422735214	1
33.7145729065	8
7.07539415359	8
5.76087760925	6
5.66253852844	8
5.01166009903	8
6.78018140793	7
7.61404418945	5
3.63091945648	2
-14.1598806381	3
3.48538303375	2
34.0395736694	8
34.3344078064	8
5.56558227539	6
-41.9146537781	5
7.63815593719	8
5.64871025085	6
3.97617435455	1
-14.053399086	2
33.7534217834	1
34.0223388672	7
7.0717215538	8
33.9235343933	8
5.21253633499	2
5.18174791336	7
-13.593164444	1
6.91355037689	7
33.6710510254	8
7.4650850296	8
6.71177577972	8
34.0686759949	8
7.28295135498	7
34.0475845337	8
5.75449228287	5
-13.9335956573	2
3.39263629913	1
3.64859485626	7
-41.5229797363	2
6.81347560883	6
33.9795227051	2
34.4188117981	8
34.402130127	8
7.60707378387	5
5.42001771927	1
34.1886940002	8
34.3441162109	8
2.69889712334	7
6.92931604385	8
34.571144104	8
-13.8068227768	2
5.55858755112	8
33.9391746521	2
6.76141023636	6
6.89905357361	6
3.54273986816	1
7.2806725502	2
3.91140604019	2
7.19683551788	8
33.7352676392	8
-14.3419876099	2
6.77882099152	8
5.14912080765	6
4.20325469971	8
7.39683246613	8
3.74450922012	8
7.66876173019	8
6.89486646652	6
-13.4092559814	4
33.9754524231	8
34.0994415283	8
6.92491292953	8
7.22225189209	1
6.98285198212	2
4.00954151154	5
34.0842514038	8
5.22796726227	7
33.7677612305	8
4.10364818573	5
7.68865537643	1
2.40630722046	1
5.81799888611	6
34.0428886414	8
7.57359218597	8
34.0944671631	8
33.9249954224	8
5.74910354614	8
7.11353397369	6
7.34616708755	7
7.65312337875	8
4.04020357132	1
3.29289531708	4
-14.3763370514	2
5.75257921219	5
34.33852005	8
2.55312776566	2
5.38866043091	8
6.98893070221	7
6.7059135437	7
2.09802865982	2
3.76378822327	2
3.67400741577	1
33.7275238037	8
34.1608390808	8
4.17366456985	7
33.8408164978	8
7.62824726105	7
5.44677305222	5
-13.71941185	2
5.9924697876	8
3.82577800751	1
7.46741056442	7
33.7367630005	8
3.83591938019	1
6.86728096008	5
3.87605953217	2
7.13148450851	8
33.9172706604	8
34.2943840027	8
3.76811695099	1
4.06672763824	6
3.74325370789	6
33.7115211487	6
2.73143935204	1
-14.2144365311	2
7.67580509186	8
5.58464384079	6
5.7067694664	6
34.2112541199	8
33.9561424255	8
2.41494417191	7
7.62825059891	2
-41.3284988403	2
3.84864664078	5
-13.5381374359	2
5.37511539459	1
7.0521774292	7
5.21350336075	5
2.03741812706	2
-13.6878423691	5
5.43868494034	2
34.2420692444	8
-13.8803768158	2
7.4544467926	8
5.36879205704	6
7.15106916428	7
5.45734453201	7
4.22740364075	1
3.93783807755	6
6.95819044113	8
7.55361509323	8
7.04504203796	1
-14.3752346039	3
2.11338353157	5
6.94408273697	6
7.288377285	8
6.94858360291	7
6.87771463394	1
7.6142706871	8
3.46652603149	1
7.08725404739	4
8.04383087158	8
7.43986940384	6
33.7983016968	8
5.13900327682	5
2.6523001194	3
-13.6675348282	1
1.95814681053	1
3.38850307465	6
7.31585407257	7
5.3880572319	6
7.5136423111	1
7.23282241821	7
6.77018356323	6
7.63942909241	1
34.5641098022	8
34.0038909912	8
5.01503372192	1
34.1270523071	8
-13.8622684479	6
3.2748003006	5
33.7190742493	8
7.05422830582	8
5.6090669632	2
7.25473880768	8
33.6289825439	7
2.7595012188	6
2.35282683372	4
7.47060441971	8
33.9055404663	5
-14.0792598724	3
-14.2754402161	2
7.60559034348	6
34.3432312012	8
4.04061412811	2
7.12844276428	7
5.2733798027	7
7.34117555618	8
-1.61241388321	2
6.86226940155	1
7.67178297043	2
3.53917455673	5
5.2795958519	1
6.8831038475	1
4.05978107452	5
33.9814529419	8
5.49502754211	8
7.42090654373	8
5.0742650032	1
34.0818557739	8
5.69642877579	2
5.25802898407	6
7.47700023651	8
2.45225548744	4
7.43450832367	8
7.11637306213	8
33.9609909058	8
6.85727310181	8
7.19120836258	8
2.46633696556	5
7.39872026443	7
7.15071201324	2
5.11178445816	6
3.34993600845	2
7.39342832565	8
7.25632238388	1
3.8104467392	2
33.9877929688	8
-14.0293464661	1
33.9486885071	8
34.2981147766	8
4.19545078278	6
6.85031843185	8
7.28262710571	8
34.3084106445	8
5.14401340485	7
-0.647430598736	1
7.29507350922	6
-14.0597667694	6
34.1566696167	8
1.856300354	4
2.61066865921	4
34.5197639465	8
5.76327753067	6
33.6739082336	8
4.2297372818	6
3.78372097015	6
3.76543998718	5
1.83085942268	2
33.8652763367	8
5.70633220673	7
3.73845863342	1
5.30661058426	6
7.3961148262	7
7.58121347427	8
34.2358932495	8
7.17701816559	4
3.92619180679	5
7.38062334061	1
34.1444549561	8
7.64531803131	8
34.2265319824	8
33.679069519	8
7.19350528717	5
2.22700643539	4
34.1286354065	8
2.17195725441	4
33.8969573975	8
34.1253662109	8
5.72519731522	1
5.58023738861	5
3.78977966309	2
7.44918060303	7
5.15421056747	5
7.36485958099	1
5.89480781555	8
7.05970716476	7
3.89670038223	2
34.2619895935	8
6.87749481201	8
34.294960022	8
7.40111589432	1
3.71031284332	5
-14.2564048767	2
5.50807523727	8
7.09657144547	6
-14.0116252899	2
7.58350324631	8
5.28851604462	6
5.68324518204	7
6.98626613617	5
5.86318731308	7
33.7483863831	8
6.79073619843	6
5.82750749588	1
3.28584051132	6
6.7386803627	8
5.27343034744	7
3.4725112915	6
34.2126579285	8
7.66967725754	8
3.87516736984	4
7.09629869461	6
34.406879425	8
5.90745449066	2
7.47034263611	7
33.6566810608	6
34.3060836792	8
-42.0624694824	1
33.6534996033	8
-14.2223186493	1
7.38743114471	7
5.99322652817	1
-14.0996952057	4
7.55721855164	6
5.71623945236	6
2.00835752487	5
5.67962503433	6
3.80746984482	5
33.7782363892	8
5.05052232742	6
3.73412322998	5
-14.2624015808	7
2.17462253571	2
33.6472320557	8
33.7444992065	1
-41.4974479675	2
3.89528846741	5
-13.7586345673	6
4.0751991272	1
5.97507286072	6
3.69618272781	2
7.27493429184	8
7.25995492935	6
2.5857861042	2
7.07014083862	8
33.9215049744	8
7.53574848175	7
1.97265219688	5
2.35464191437	2
-13.5982532501	5
3.27489995956	5
3.60598516464	6
33.9040527344	8
7.05134868622	6
33.8275222778	8
3.43206882477	4
-14.2087535858	2
5.606965065	6
6.84697771072	6
2.76135540009	3
34.5550460815	8
6.905813694	8
33.9639892578	8
33.8833427429	8
34.4270210266	8
4.04528570175	2
33.8929100037	8
3.42570304871	2
7.62391090393	7
3.78647661209	2
-41.0893287659	2
5.34096717834	6
5.3875041008	6
33.9401550293	8
1.81004118919	2
6.84710025787	2
-14.2343063354	1
7.46452474594	7
5.05854320526	5
34.4964332581	8
1.89717030525	1
7.21334505081	8
34.1569442749	8
6.87050056458	7
7.67697620392	8
33.9439811707	2
7.39372873306	7
5.37824678421	6
2.233253479	7
-14.3891782761	1
7.15300798416	7
5.66247844696	5
3.50434303284	5
6.95390367508	8
3.46980190277	5
33.8174705505	6
3.33660745621	5
7.46211147308	8
34.1598472595	8
34.2146224976	8
-13.5451211929	2
34.3649597168	6
2.77451086044	7
5.67653894424	6
2.7008125782	1
34.3205566406	8
5.69438028336	6
33.7918434143	6
34.4182434082	8
3.40031337738	5
7.0111284256	7
7.10696840286	7
7.60660028458	6
5.89693927765	7
33.6788024902	8
34.1628112793	8
5.82980251312	7
5.78749322891	7
6.87159824371	7
33.8881912231	8
33.9225730896	8
2.21327829361	3
5.70349836349	6
5.49442911148	8
4.11535644531	5
3.61259460449	7
34.0854873657	8
5.80762195587	7
5.30328798294	7
5.24939823151	1
5.47982597351	7
5.5822725296	1
5.78100681305	7
7.03835630417	7
5.89697885513	6
7.13410139084	8
6.83849477768	1
7.23124456406	7
5.17748737335	5
33.6864852905	7
34.0473861694	8
6.95809459686	6
7.0785317421	8
34.098991394	8
5.24804830551	7
33.9315948486	8
34.1311531067	8
1.97048592567	2
33.73387146	8
3.97410297394	6
34.3348693848	1
7.67419958115	6
5.46624565125	6
2.29353952408	4
34.1582641602	8
6.93179273605	6
7.51865911484	8
34.426612854	8
5.42981910706	6
7.13242673874	8
34.1054382324	8
33.7825546265	8
3.88106203079	7
5.88129043579	7
5.95820903778	6
33.9425048828	8
6.83440971375	6
33.8610343933	8
34.3859100342	8
3.55566120148	6
33.6663208008	6
7.16433620453	7
7.49818372726	6
6.75419330597	6
4.02884674072	1
7.65596675873	8
-13.708281517	1
6.98583698273	1
7.12262487411	7
3.95712375641	6
34.3094902039	8
33.9536705017	8
33.9691772461	8
34.1834793091	8
3.96491289139	2
5.16345024109	8
34.1423072815	8
3.51411056519	5
7.65560102463	1
7.40295743942	8
7.06688547134	8
34.3981018066	8
34.2618484497	8
34.0440406799	8
7.29748058319	8
7.25324773788	6
6.83349180222	6
2.47144961357	4
5.85909843445	7
33.9383354187	8
34.2440185547	8
34.490020752	8
33.8242263794	2
5.53637504578	2
5.16266155243	7
3.45303869247	2
34.3431167603	8
6.79353380203	8
4.20075273514	6
1.95357608795	6
1.99929857254	1
3.3902130127	6
5.22775936127	5
5.19748306274	6
3.83316469193	5
6.97587251663	7
3.3951215744	1
33.8261642456	5
3.6591091156	2
33.7248916626	7
3.60214614868	6
5.43492937088	6
5.35932207108	2
3.72533321381	5
2.5063290596	1
3.45687770844	6
7.46426439285	8
2.11327624321	6
34.4746513367	8
-41.4846229553	2
2.67623949051	1
3.3972234726	6
-41.9970359802	1
33.6182518005	8
5.2753162384	6
7.44652605057	7
6.96170949936	8
33.7791252136	8
7.23508930206	6
3.62955141068	2
7.21801424026	7
5.84023237228	6
7.6958990097	8
34.4519348145	8
34.2183685303	8
3.85118055344	6
34.0022544861	8
33.8444023132	8
-13.6352396011	2
5.77873706818	8
5.23033332825	5
34.096496582	8
33.7731132507	8
5.96738386154	1
3.32587623596	6
33.9275093079	8
3.55028629303	2
3.73347187042	1
5.18650913239	6
2.43866729736	5
5.84706640244	5
4.17549800873	7
33.8790588379	8
33.9620056152	8
7.37071084976	8
4.10056352615	2
3.2730922699	1
2.5986559391	4
5.46520137787	6
33.7324562073	2
7.40925693512	6
7.00358200073	7
4.18103313446	6
4.00906038284	5
-13.8258104324	2
33.6418952942	8
33.7349853516	8
2.05044865608	5
7.43848419189	8
34.4880218506	8
5.94962215424	2
2.39915037155	2
33.8783493042	8
34.0525970459	8
3.59685516357	7
34.0668525696	8
5.45047950745	6
2.71783542633	4
3.97047376633	6
-13.4157104492	3
33.6458587646	8
7.32262420654	6
7.63763380051	7
33.9739570618	8
7.54605960846	8
2.2376999855	1
3.56445407867	6
34.0870285034	8
5.24204587936	2
33.9705276489	8
5.62967777252	6
3.53595638275	6
5.97333478928	1
7.04989862442	2
5.79046773911	7
3.89226293564	2
7.31766700745	8
1.83724808693	2
34.3133087158	8
7.45215034485	7
7.57965660095	7
6.92730712891	6
3.54487895966	5
33.6928405762	8
34.0986213684	8
3.9465136528	2
4.14710426331	1
-41.9256973267	1
7.01376962662	8
2.49661755562	2
33.7100791931	8
3.63268566132	2
34.1610221863	6
3.90020656586	1
-14.040971756	2
33.9316482544	8
4.05957221985	5
7.12326908112	1
7.12519645691	7
33.8940811157	8
3.61712837219	1
5.39154052734	5
34.46641922	8
7.15351486206	8
-14.0776586533	1
3.66065788269	6
4.16392755508	6
5.41986036301	7
-13.8556938171	1
5.08664894104	7
-13.9496479034	4
5.00914382935	7
5.91738080978	8
7.40849256516	8
4.0873003006	1
34.0113639832	8
3.69099140167	2
-14.3514957428	2
5.92522096634	2
34.1156578064	8
5.16900539398	5
-13.4326925278	1
3.79672574997	5
33.6583137512	8
5.69813728333	7
5.58805942535	8
-13.5357208252	3
7.02762126923	6
5.70568275452	6
2.71988344193	1
5.03826808929	5
3.96504735947	8
-14.0380783081	2
7.25547599792	8
7.60333967209	2
33.7586669922	8
3.31634521484	2
2.13369560242	5
5.84465122223	6
6.77567577362	8
6.85095453262	6
7.6576385498	8
3.38609170914	5
5.33226585388	6
33.6206970215	8
34.2339859009	8
3.57539653778	2
34.4112625122	7
33.6873283386	8
5.42671012878	7
33.7148857117	8
7.16544914246	8
5.81622409821	5
5.30432510376	8
3.34517478943	5
3.75345420837	7
1.929053545	4
5.49657297134	6
34.2441139221	8
2.11649441719	2
5.00369119644	5
6.94886684418	7
4.17268323898	5
5.10764980316	6
3.46017408371	6
3.34670162201	5
2.14735102654	1
3.5103969574	1
34.3244972229	8
7.04242706299	6
34.3307037354	8
4.11857891083	7
5.15026712418	8
3.34263181686	2
7.0678768158	7
7.32748889923	8
5.43627023697	6
7.52916049957	6
7.53248977661	8
33.7482681274	8
7.06346702576	7
4.2049870491	6
33.7734680176	7
7.33824157715	8
33.8484802246	8
6.71976280212	7
4.00639200211	1
-41.7703361511	1
7.18584012985	8
34.2292709351	8
34.3651504517	8
5.80348539352	6
3.49646186829	6
-14.1666641235	2
33.9743080139	8
33.9723167419	2
5.69000482559	6
34.0385627747	8
34.3736610413	8
7.05986309052	8
5.49737024307	6
34.0499725342	8
7.21768522263	8
6.95124864578	6
33.7161483765	8
7.0287938118	1
7.44338703156	1
3.75704813004	2
33.7380523682	8
7.32328557968	6
5.1749329567	5
5.48004484177	6
7.34229564667	1
34.4459915161	7
33.7198448181	8
6.96791315079	6
34.2429084778	8
6.89452934265	7
7.10945558548	8
34.2203216553	8
6.87654781342	8
33.6520385742	8
34.1301040649	8
5.30341815948	8
7.1551361084	8
5.8843126297	5
3.99161672592	5
-41.7909927368	2
5.67085361481	7
33.9917449951	8
6.89296483994	6
5.9534740448	6
2.51242494583	1
34.2641296387	8
33.7249908447	7
7.40193557739	6
34.0417098999	8
6.8798418045	7
5.3443775177	6
5.79438924789	6
34.1884422302	8
7.58641624451	8
2.7626042366	4
7.31077671051	1
7.69172477722	8
3.95988512039	6
7.35194158554	6
-13.4314985275	3
-13.7423057556	5
5.27349090576	1
34.3459358215	8
-13.5874824524	4
-14.2086868286	1
3.62505149841	2
7.39330339432	6
7.15323877335	7
5.9529671669	6
5.08100652695	6
5.71913766861	2
7.0618057251	6
4.22927474976	8
5.91320610046	6
7.51228952408	8
7.34537220001	1
7.48722314835	6
34.2040786743	8
4.09178686142	6
5.62698698044	8
3.62129116058	1
5.57380199432	7
3.88874912262	5
5.43925428391	7
5.51181697845	2
3.39966487885	2
5.19712257385	6
5.6932053566	1
7.69245862961	8
5.41985559464	1
7.23106002808	8
5.44894742966	6
34.1581993103	8
6.995844841	8
33.6366424561	8
34.4980010986	8
4.21515464783	2
-1.39261174202	1
7.44925069809	8
34.0284614563	4
2.26556611061	5
1.91599297523	1
34.5313301086	8
3.51381015778	4
-13.4911060333	2
34.237159729	1
4.07368755341	6
34.0070800781	8
7.58863449097	8
33.8751945496	8
5.92495155334	6
-13.7796010971	3
5.91624689102	2
-13.9754629135	2
-41.6617507935	2
-14.1520042419	5
1.91172647476	1
7.51985406876	8
7.68142604828	8
5.16809463501	8
33.6494522095	7
33.9530525208	8
-13.9475364685	3
-13.593744278	1
7.42032194138	7
-41.990196228	1
7.62493562698	8
5.54197788239	6
3.30521535873	7
5.21851396561	8
7.50079965591	8
6.87596797943	7
1.97655677795	5
33.9634437561	8
5.2874879837	6
7.43555307388	8
33.661857605	8
5.0758228302	5
3.91129827499	5
3.35313606262	1
3.69394159317	6
3.72025251389	1
7.31272029877	7
6.72322654724	6
5.14873981476	7
34.555015564	8
7.27277040482	6
7.20697450638	6
33.8659324646	8
34.0522079468	8
33.8461380005	6
6.85185527802	8
5.00315666199	1
7.35690975189	7
-13.7411756516	2
1.83112168312	2
33.6701545715	8
2.23183083534	4
33.9613952637	8
-13.4691047668	2
34.2468490601	8
5.87482833862	6
-13.4942703247	2
34.3735694885	8
34.4142990112	1
7.35120582581	7
34.0110054016	8
7.68882799149	7
5.19346094131	6
5.1192574501	6
33.7039413452	6
5.3772559166	6
8.08177947998	8
1.80824375153	2
2.65090465546	1
3.80138158798	8
-13.4292697906	4
4.1857252121	6
8.18489837646	8
4.08536720276	5
2.49055862427	6
33.7362136841	8
33.6907081604	8
2.45697069168	2
4.10824537277	5
7.32869529724	6
6.96549940109	7
5.10405397415	5
7.09055662155	8
7.11419630051	7
2.74840664864	7
2.30636763573	5
2.72915554047	5
5.27740526199	1
7.5575428009	8
6.70181369781	6
6.91252851486	2
5.3307800293	5
33.7146453857	8
3.46748447418	2
33.8315658569	8
-14.0088825226	2
5.95151615143	8
2.52105236053	1
34.1718711853	6
7.53832197189	8
3.88515710831	5
-13.436756134	3
33.8538360596	1
5.82445144653	8
5.32193660736	6
7.24907159805	7
33.7191009521	8
33.7476348877	7
5.52836370468	6
2.16847968102	4
2.47830367088	4
5.68532657623	6
33.8991165161	8
34.2355194092	8
7.43218517303	8
34.4947662354	8
33.7308502197	8
5.55833148956	2
6.97521877289	8
6.76358747482	6
-1.11532592773	1
-13.4322185516	1
7.06506156921	7
1.82078075409	4
34.3608474731	8
3.93314409256	6
5.74492692947	8
5.25185441971	6
2.18873667717	3
7.5673327446	8
7.69052505493	8
-41.2284851074	1
4.0198636055	6
34.143787384	8
33.9899902344	8
33.9987106323	7
-41.2040138245	2
7.33731365204	6
-41.6678161621	1
3.55937671661	5
7.28977537155	8
5.97147130966	1
5.91834926605	6
-41.6828536987	1
5.85955095291	6
5.15378046036	5
7.36520767212	8
34.4152412415	8
2.0483520031	2
-13.6227874756	2
2.65406680107	3
3.95605230331	6
5.21564626694	5
5.04659891129	6
5.64391803741	1
7.34398698807	7
4.02613210678	5
7.68843984604	8
34.1804466248	8
33.825592041	8
7.0447883606	8
34.1997413635	8
7.39137935638	4
4.00944042206	7
7.5399017334	6
6.90101766586	6
5.64200782776	7
-41.7842140198	2
34.2681121826	8
2.60016202927	8
5.21734857559	6
34.0698509216	8
2.33814120293	3
-14.357796669	3
34.2745666504	8
33.6548957825	8
34.3680038452	8
3.90385723114	1
2.36421489716	6
7.00793552399	7
5.59800100327	6
6.91267824173	6
34.0828781128	6
5.01941251755	6
5.35651731491	5
-13.8884592056	1
3.52826499939	4
7.06572198868	8
33.97082901	8
2.75276589394	2
-14.3658332825	1
34.1946563721	7
2.58462572098	6
7.65882158279	8
6.00022602081	6
7.15775108337	8
6.75184202194	2
6.81348180771	7
3.79319381714	6
2.52990221977	6
33.6996383667	1
7.29040575027	1
6.95660066605	8
7.16797590256	7
34.3860931396	8
8.07332611084	8
34.1547966003	8
3.66698217392	6
5.95714139938	5
-41.9231834412	1
-13.6897563934	1
34.4342193604	8
-13.8643283844	1
7.31629753113	8
5.26268339157	6
7.14489555359	8
3.85242033005	6
-42.0010795593	1
-41.9121246338	2
5.68622350693	1
5.5781583786	6
7.33199834824	7
7.31512928009	6
2.43137860298	2
5.59716892242	6
2.61995482445	1
-13.531750679	1
5.74589824677	6
33.932258606	8
5.91299009323	6
2.64353013039	7
3.96698284149	6
6.84870243073	8
33.6399841309	8
3.72573566437	2
3.9774928093	2
5.45052194595	5
5.26597547531	6
34.1954536438	8
34.2308959961	2
4.11208248138	2
-41.096244812	2
2.30689144135	6
5.29727458954	5
7.40983009338	7
5.60742759705	3
5.84398317337	8
3.87270689011	6
5.7634510994	6
5.36648368835	8
7.21611785889	8
7.39762115479	7
5.12395763397	6
7.48068189621	6
5.52876615524	6
7.10697507858	8
34.3369560242	8
3.64688968658	3
5.2916636467	6
7.06994485855	7
33.7318267822	8
-14.3549613953	1
5.22235870361	2
7.15247535706	7
34.2352790833	1
34.1805419922	8
7.41993427277	7
7.68288087845	8
5.36790752411	5
33.7059707642	8
34.1941223145	8
33.8894195557	8
34.3498077393	7
34.3183021545	8
7.09843111038	4
2.32626414299	6
5.40101051331	7
7.63102388382	8
7.14416885376	7
7.44858455658	8
-41.201423645	1
4.21453237534	6
3.541472435	8
33.7235069275	8
34.3672103882	8
6.8753490448	6
3.93761444092	1
7.65444517136	5
5.16392803192	2
7.08950471878	8
-41.5457801819	2
3.35369157791	2
2.22897195816	6
4.00622797012	1
5.05705165863	2
5.81730318069	8
6.92919540405	7
5.81279611588	8
5.30594158173	5
2.23990917206	4
34.2176895142	8
7.19791603088	7
7.02311134338	8
34.0878372192	8
6.76535987854	6
3.93650484085	2
4.19601869583	1
3.42790651321	5
7.4361000061	8
5.91041660309	6
7.12792730331	6
7.5913977623	7
5.11116075516	2
6.92463684082	1
33.8367843628	7
7.32679414749	6
7.63457393646	8
7.59364414215	7
6.8880147934	5
7.09719896317	6
-13.5348701477	2
34.2241134644	8
-41.8983879089	1
7.24795198441	7
5.8432302475	7
33.9115715027	4
7.18695449829	8
5.11027669907	2
7.44712543488	4
7.45411777496	1
34.247631073	8
33.8377304077	8
3.86874055862	6
33.9141464233	8
7.47729349136	8
7.36262559891	8
2.03648543358	2
-13.8303909302	3
7.50838518143	8
7.27651548386	7
7.21439552307	7
33.8909873962	8
-13.4965963364	5
34.2925338745	8
34.0281600952	2
5.28361797333	6
5.61141777039	1
2.76309299469	1
-13.6950569153	2
6.9779882431	2
2.57277679443	5
5.24299430847	8
5.20365428925	2
3.83853435516	5
1.90030622482	2
5.28922224045	6
33.8725242615	8
34.2413139343	8
5.3909945488	6
34.1969642639	8
5.99738931656	6
33.8654747009	8
5.85015964508	6
33.8507385254	8
5.74726247787	6
7.56163787842	6
34.3918037415	8
34.0409927368	4
6.79432821274	6
33.6635360718	7
34.3548164368	8
7.67162895203	8
5.78027582169	8
4.18999433517	1
4.02599191666	1
33.8101196289	8
3.9403834343	7
5.78985929489	8
33.724937439	6
3.7585105896	5
5.36262845993	2
-13.8488140106	1
33.6279678345	7
33.7758979797	8
7.45240974426	8
-13.438990593	6
3.47904968262	5
7.47634935379	8
3.45800590515	4
5.25315618515	8
6.90412282944	7
7.08270740509	6
6.7852025032	7
34.2357711792	8
7.30159091949	8
2.00466871262	3
1.90895414352	4
5.86661195755	6
33.8208236694	2
3.60171604156	2
3.93723583221	5
6.81432104111	7
6.78108501434	6
7.24267435074	2
33.6889266968	6
6.7548122406	7
-13.8475961685	2
7.36343336105	7
5.97512960434	3
33.9337425232	7
34.3445014954	8
34.053894043	8
5.82737779617	6
2.389149189	4
2.20846295357	3
5.63096237183	6
3.2804441452	6
34.2519073486	8
34.3265914917	8
33.8644752502	8
6.95650434494	8
33.693775177	8
7.45596790314	1
4.13383245468	6
5.74734306335	8
2.77038741112	2
33.7380218506	8
2.44705438614	1
3.6160326004	5
34.1482009888	8
6.76950359344	5
34.2111816406	7
5.08385372162	2
34.0593795776	8
-13.9677295685	2
5.83119773865	6
34.044506073	8
5.17119693756	7
5.75906085968	2
5.46945667267	6
2.63298940659	6
5.26156663895	5
3.63553285599	5
7.56326246262	2
5.67874383926	6
-13.5643367767	2
2.46744418144	5
7.66800260544	8
34.1372756958	1
2.28079891205	4
5.36782932281	2
34.3877410889	8
33.6714897156	8
3.99957895279	7
7.56927728653	5
6.75268268585	7
7.01982164383	1
6.90962171555	7
-13.8901109695	2
5.01226377487	6
33.9386978149	8
5.62505483627	2
3.28847026825	2
34.3172569275	8
5.09667062759	5
5.28053379059	2
7.62373876572	8
-41.3341598511	2
34.4210929871	8
5.48893356323	8
7.28997182846	7
5.38352441788	7
-13.8033809662	2
33.9375534058	7
2.65421581268	6
7.29904794693	6
5.87742519379	7
3.75582838058	5
5.84876251221	2
5.95106554031	6
2.72783517838	4
4.12712574005	6
34.5955085754	8
-13.8661203384	1
1.81883978844	1
5.41169118881	6
3.45726728439	1
6.92658853531	1
5.69162464142	8
5.39811086655	7
6.93254804611	6
34.0186386108	8
4.11265277863	7
2.59325885773	6
2.12799572945	5
5.97392511368	6
5.71067810059	7
6.88316488266	8
7.4275021553	7
-14.3803939819	1
5.67258024216	7
3.60309886932	2
6.85868453979	6
6.85546588898	5
3.34268045425	7
34.3503341675	8
33.7652206421	8
34.0988121033	8
3.96751022339	5
33.8496055603	8
34.0172615051	8
6.8221821785	8
33.7766418457	8
33.8504638672	8
5.2113404274	5
2.00552630424	4
5.38513040543	6
5.2682185173	6
7.03218317032	6
4.14312076569	7
34.3218078613	8
6.91920518875	7
7.53267288208	5
5.05662298203	6
-13.4997234344	2
3.85290336609	6
2.7269692421	2
-1.36948335171	4
-41.1288757324	1
5.43326473236	7
2.67642688751	6
34.0377426147	8
5.20921945572	6
4.02167034149	5
7.24470758438	8
5.5399107933	7
5.40648555756	7
2.10562157631	2
3.91918849945	7
34.3146743774	8
7.12016248703	6
7.6467499733	8
3.659283638	1
7.33430814743	5
-13.6997928619	3
33.8375320435	8
2.49943876266	2
7.11608505249	6
5.38889789581	2
6.99016141891	6
3.44554042816	1
33.8754615784	7
7.56614923477	6
34.097694397	7
3.49558353424	6
5.84899711609	8
6.86773872375	7
7.07578802109	8
7.12491512299	7
5.70134115219	8
-14.0479745865	3
7.35687971115	8
7.52917718887	8
34.0887527466	8
5.65152597427	6
34.1085777283	8
-14.3851470947	1
7.33876991272	8
33.6335296631	8
33.9310684204	8
5.33699846268	8
5.15749168396	6
5.94082641602	6
33.9656219482	8
-13.7236423492	2
5.58595657349	6
34.2080535889	8
4.03646659851	5
5.88533306122	6
6.70433044434	6
6.85985946655	7
34.0148391724	8
7.59865045547	8
7.29361820221	8
33.7011985779	8
7.43643522263	8
2.28202390671	2
33.8898086548	6
6.88822555542	8
5.91637468338	6
34.0401039124	8
2.55128645897	4
34.5103340149	8
34.3735771179	8
2.21317744255	5
2.66242933273	2
7.07470655441	6
5.49644708633	5
7.42255687714	7
2.14095544815	4
7.55890464783	4
33.6771354675	8
3.63804244995	2
5.5246181488	2
-13.5712184906	6
33.7431106567	1
2.63094997406	7
2.34291887283	4
5.55748987198	1
34.1141204834	8
5.80983638763	6
33.6339683533	6
2.34177565575	1
5.12511634827	8
1.92434310913	6
6.7953877449	7
33.9204063416	8
6.8120470047	7
3.82286310196	5
34.0484085083	7
1.800355196	1
3.47939252853	2
2.76138329506	6
5.85046672821	2
3.54433774948	1
34.1453514099	8
5.43510341644	2
7.22839355469	8
34.5870437622	8
5.94575357437	2
6.96067237854	6
33.7817573547	8
5.55665111542	5
34.4681587219	8
5.03074979782	1
7.68011713028	8
33.6953353882	8
34.1741638184	8
3.58417701721	6
34.0396614075	8
34.0452613831	8
6.95402240753	8
3.88423013687	6
-14.2966995239	6
33.6676177979	8
-13.7779340744	2
3.98775577545	5
5.33743047714	8
4.19265890121	6
34.2341766357	8
6.93752861023	7
6.85536432266	7
34.1022377014	7
7.6176609993	7
33.8480796814	8
-14.1527147293	5
7.42231321335	6
4.20703649521	6
5.97518587112	8
-13.5311470032	3
33.7087974548	8
6.9744925499	8
7.02585363388	6
34.0135688782	8
4.22495269775	6
5.41289615631	6
1.96679091454	5
33.7392120361	8
-14.0689525604	2
33.974571228	8
33.9547576904	8
34.0941543579	8
6.85664415359	8
7.59376525879	8
7.48168039322	8
7.0132060051	6
-13.8136959076	3
34.2817573547	8
33.6864967346	8
7.22344875336	7
3.96474885941	6
7.38761520386	7
3.28214263916	5
7.54461288452	8
5.79833364487	4
5.75982284546	7
7.34991312027	6
7.29566431046	7
33.862071991	8
2.06539368629	2
7.19531774521	8
3.96531772614	6
4.01223373413	6
7.5435333252	8
33.7107582092	8
-14.1948337555	2
2.17570519447	1
-13.8949890137	1
5.90014028549	7
6.99647712708	7
2.28248763084	6
5.69011354446	1
33.6603355408	6
34.1692619324	8
6.75410509109	8
33.6450080872	8
33.7737312317	7
2.24064540863	4
34.0567588806	6
4.11932373047	7
3.77637004852	6
33.7881278992	8
2.13641571999	4
7.63472080231	8
5.32182407379	6
2.05105829239	4
2.27031493187	2
7.0895075798	6
6.98276662827	2
3.60890769958	6
34.3048858643	8
3.31420850754	5
5.88120317459	2
3.650182724	1
5.99709367752	7
7.12644338608	7
5.48764228821	1
-13.8395652771	2
5.84230661392	6
5.86036586761	2
-41.2177619934	1
7.42138814926	2
7.05982923508	6
7.0186290741	8
4.22190904617	7
5.71520376205	8
7.57373189926	8
34.5311393738	8
4.14755821228	6
3.9260392189	5
33.7011566162	8
34.1134147644	8
7.10573101044	8
-14.3990354538	1
5.55939292908	8
-13.4378223419	6
-14.2664203644	1
7.608502388	1
34.0913696289	8
5.63421964645	7
-13.4182538986	2
4.05481481552	5
7.28495645523	7
-14.2629947662	2
-41.1798973083	2
-14.2237682343	1
34.0830535889	6
5.23304033279	8
5.42346000671	8
6.83813285828	6
7.64754724503	8
7.6877822876	8
33.9846000671	8
5.55580759048	6
34.2646713257	7
5.05613660812	2
5.5493721962	2
5.37563180923	1
34.0070304871	8
4.22560548782	7
5.82263898849	5
4.00121116638	2
7.03734016418	6
7.43803977966	8
7.07425069809	8
6.81419849396	8
34.0467643738	1
34.1630325317	8
6.94316291809	2
5.722468853	6
6.73445463181	6
1.99011826515	2
34.2108306885	6
3.48383617401	5
6.76334285736	6
5.63011217117	7
34.053768158	8
33.9658737183	2
7.68887090683	1
34.3300552368	8
34.0097198486	8
34.184753418	8
34.2053489685	8
5.509745121	2
5.61524295807	2
34.2908630371	8
5.74130439758	7
7.27060270309	8
3.60297203064	5
-41.4349746704	2
4.22351074219	5
3.98094320297	5
8.23888874054	8
2.76171779633	6
5.15272855759	5
-13.652671814	3
7.51486682892	8
3.60438156128	7
2.25281977654	1
7.28301668167	1
34.1709785461	8
-13.4099216461	4
7.46121025085	8
33.7958946228	8
7.24732923508	7
2.58211684227	6
6.89624357224	6
3.70563030243	6
7.48549842834	7
7.49362230301	8
5.86926269531	2
3.2602519989	6
1.9294834137	6
33.6969642639	8
33.8971481323	8
3.93750619888	5
6.8338303566	6
7.59864759445	8
-14.1379499435	2
7.01854896545	7
-13.8458518982	2
34.0869560242	8
5.95107984543	1
5.32889652252	7
7.68174648285	7
34.0528030396	8
33.6799888611	7
2.06100535393	5
-13.5952091217	1
6.86820220947	8
7.44002580643	6
6.78339576721	6
34.0641860962	8
5.47693443298	6
6.92746734619	8
6.74580097198	1
34.4315261841	8
3.96861028671	6
7.26165962219	8
7.6785068512	8
5.45300722122	6
7.05687713623	8
34.3058395386	8
4.09194803238	5
7.06664609909	6
6.77353286743	8
-14.0626153946	5
33.9590873718	8
7.61485099792	7
7.22483730316	7
34.257938385	8
5.98499250412	7
3.27124929428	2
5.95590877533	5
5.88542795181	7
-1.17714858055	1
-41.2074699402	1
34.4907646179	8
7.00726795197	6
3.90229177475	8
3.58513832092	1
34.2903709412	8
5.06049776077	1
5.51911401749	1
3.76706600189	6
33.7659034729	8
3.27917957306	6
7.51454591751	8
2.38549637794	5
2.00170516968	2
33.8398094177	8
7.66036272049	8
7.08608388901	1
5.90109586716	8
7.48405599594	8
3.89311599731	5
5.35670852661	6
2.39343762398	4
7.60364961624	1
33.777557373	7
33.9153594971	8
2.44386386871	5
34.0728797913	8
5.65214633942	7
6.71861171722	6
3.92958116531	5
6.94144821167	7
5.30783557892	8
3.73283100128	5
2.58277177811	1
34.0755844116	8
-41.2066879272	6
1.96440935135	1
7.42915391922	1
4.23019886017	7
34.3630027771	8
-41.2644386292	2
34.1321525574	7
5.58223390579	5
34.1235427856	8
34.1977958679	8
7.63457965851	8
7.36555194855	8
7.34711551666	8
2.63492274284	1
4.20999097824	6
5.38048887253	2
7.60791301727	7
33.6854019165	8
34.3010139465	7
33.7957611084	8
5.332716465	5
34.1045303345	8
3.56930446625	6
6.71242427826	7
7.52832937241	8
1.98552203178	1
33.7063293457	8
6.84154748917	6
-41.5647392273	2
5.6193151474	3
4.00165176392	1
5.25975942612	7
34.1874809265	8
33.9088516235	8
-13.6895141602	1
33.8652038574	8
7.46460676193	8
6.76550292969	2
3.76214838028	6
7.14992332458	2
33.7715759277	8
5.59053277969	2
33.7724838257	8
3.94325351715	6
5.81457328796	1
3.40647602081	7
4.04389858246	6
34.0611114502	8
34.4629859924	8
-13.6017045975	2
6.80881786346	7
2.77335143089	1
4.08138132095	6
4.07262659073	6
7.4271478653	6
5.0277671814	6
34.1997413635	8
-41.1077270508	2
6.92982912064	6
3.66379165649	5
1.89949893951	2
7.04423522949	8
33.8786621094	8
4.12032079697	7
2.72434544563	5
33.6292953491	8
7.53847980499	8
1.78837347031	1
5.51656532288	5
3.7496547699	5
5.04625797272	7
5.66678142548	6
5.34129858017	7
6.87151384354	8
7.67096233368	2
2.48857712746	6
6.78646373749	8
33.8991661072	8
33.8145103455	2
2.03042817116	2
3.44973945618	1
4.00649595261	6
7.43383073807	1
6.98619031906	8
7.57700538635	8
1.84349393845	6
5.26278972626	6
6.89588546753	6
33.7854995728	8
5.28188896179	6
7.27796411514	1
34.3761062622	8
6.76307201385	7
-41.3176765442	1
7.28366994858	6
5.18043041229	5
5.8137140274	6
7.2520198822	8
5.76529121399	8
5.74449634552	5
34.1098175049	8
-13.7580471039	3
5.92348527908	6
33.9983482361	8
6.96678829193	7
3.37739276886	5
7.49768257141	7
7.44816827774	6
3.83963727951	5
-0.964259207249	1
34.3106536865	8
3.53525590897	6
6.73947620392	8
3.86798381805	1
5.66881370544	5
3.58902359009	2
33.9772491455	8
2.76525306702	2
34.1258049011	8
3.39377450943	5
5.31655502319	6
5.44619703293	1
-13.6438798904	1
33.6335678101	1
33.6512145996	8
34.1149482727	8
2.78361225128	4
7.30444383621	8
34.0568618774	7
-14.1079807281	2
33.9510879517	7
7.38878250122	8
-41.1074752808	2
7.1962928772	8
33.6868247986	8
8.01158332825	8
5.25539445877	8
33.6991539001	8
5.84039402008	6
34.1351470947	8
5.53178262711	6
5.38847398758	6
33.7122955322	8
5.56711530685	6
5.45670080185	6
33.7220954895	7
-14.1739330292	1
33.6614570618	8
2.23337054253	4
5.32587766647	6
33.947769165	8
6.93975114822	8
-14.3448944092	3
2.32762145996	3
7.06835746765	7
2.7064166069	1
2.44894623756	1
34.5150909424	8
5.05224561691	6
34.1458816528	8
5.54821634293	8
3.87668848038	6
34.369934082	7
3.87587547302	5
-41.2009925842	1
2.39136481285	4
6.9362654686	7
-13.6961326599	5
5.13091087341	8
5.86905956268	6
3.61343622208	6
2.66476655006	2
2.74724197388	5
3.72468471527	2
7.4895606041	7
2.73714876175	5
3.83705091476	6
7.63434505463	6
-13.6630887985	1
33.6478652954	7
2.25144839287	6
3.66137933731	6
5.30118465424	7
34.1793937683	8
7.35955190659	7
7.64259004593	8
5.74232912064	6
2.59392523766	6
3.47391176224	5
33.9623336792	8
34.1720962524	6
2.40190148354	6
7.07368183136	6
33.9607505798	8
-41.1832847595	2
34.2726821899	8
5.46073389053	6
33.8926773071	8
6.90702724457	6
7.13034057617	8
6.75526285172	7
34.3716583252	7
5.1340546608	6
2.35451126099	2
33.8226890564	8
7.35569810867	8
2.66015076637	4
34.1463356018	7
5.15446901321	5
1.84512782097	1
3.70262670517	5
34.5301818848	8
6.00049829483	8
-13.993812561	2
7.63171720505	6
2.06357216835	5
33.6753196716	8
5.82041549683	6
5.23649215698	2
1.99489092827	3
34.3811721802	8
7.17566776276	6
4.13527870178	5
7.02064990997	8
33.7903251648	8
7.39648628235	8
7.55790376663	7
7.19861555099	8
7.38967132568	6
2.19150424004	6
-41.1108093262	1
7.15963172913	6
5.87461328506	6
5.45802688599	6
5.35540151596	5
2.7323448658	5
5.11022615433	7
6.70408916473	8
6.80546379089	7
4.17847967148	6
4.13281488419	7
7.20682907104	8
6.94067716599	7
5.63221883774	8
5.25563669205	2
-14.3944959641	2
6.76226949692	7
34.2562980652	8
33.6194877625	2
34.2798805237	8
33.8233528137	8
34.3233108521	7
34.0782699585	8
7.31081533432	8
3.63271617889	2
6.87303304672	2
34.3523216248	8
34.1930770874	8
-14.3008880615	2
6.91465091705	6
7.0307674408	7
33.7649269104	8
34.1252212524	8
7.25031232834	6
7.3729186058	8
5.35216379166	1
3.76005029678	5
2.51789712906	1
7.35619735718	6
6.90144491196	4
-13.8078193665	2
3.72602081299	7
2.76346039772	2
34.4739990234	8
33.9838180542	8
-41.1732139587	1
33.7204017639	8
5.0094499588	7
5.74114370346	7
7.0971865654	7
5.9258480072	8
5.4835858345	6
34.557472229	8
5.34726238251	7
5.56142425537	8
5.44680309296	6
5.27504110336	6
7.63135147095	8
5.76574277878	6
33.6982765198	8
6.84750270844	7
2.34915328026	3
2.19558548927	2
